id,first_name,last_name,State,Product,NRx_Month_1,NRx_Month_2,NRx_Month_3,NRx_Month_4,NRx_Month_5,NRx_Month_6,TRx_Month_1,TRx_Month_2,TRx_Month_3,TRx_Month_4,TRx_Month_5,TRx_Month_6,NRx_all,TRx_all
1,Bren,Clarridge,Virginia,Cholecap,11,9,9,14,16,8,104,126,20,9,11,119,59,270
2,Catharine,Latty,West Virginia,Cholecap,0,1,2,15,0,10,177,184,70,94,123,155,18,648
3,Charity,Wernher,Utah,Cholecap,3,10,15,15,2,17,183,35,182,166,32,20,45,598
4,Trevar,Orrocks,California,Cholecap,20,8,4,16,10,15,30,24,61,125,10,191,58,250
5,Marie-ann,Degoy,California,Cholecap,11,14,0,13,16,5,153,157,27,118,101,193,54,556
6,Reggie,Scoggan,California,Cholecap,13,20,11,0,13,8,129,137,99,15,123,32,57,503
7,Camala,Dosdale,Pennsylvania,Cholecap,18,9,15,20,1,14,165,146,111,36,52,49,63,510
8,Abran,Tonnesen,Idaho,Cholecap,18,13,9,13,2,14,197,15,113,128,19,128,55,472
9,Kelly,Toolan,Washington,Cholecap,8,12,13,1,3,8,73,69,192,122,22,174,37,478
10,Eada,Ingman,Florida,Cholecap,4,16,8,1,0,7,0,159,136,46,156,58,29,497
11,Nari,Sallings,Alabama,Cholecap,18,19,19,16,9,19,178,147,145,35,53,9,81,558
12,Marrissa,Rawsen,California,Cholecap,0,11,16,10,2,15,34,5,120,161,43,163,39,363
13,Gabby,Trevino,Texas,Cholecap,2,17,2,13,15,8,102,162,99,200,129,120,49,692
14,Jyoti,Pevie,California,Cholecap,13,10,3,14,5,20,156,75,48,82,66,52,45,427
15,Sonni,Gogan,Alabama,Cholecap,7,11,9,1,1,4,176,3,52,125,141,196,29,497
16,Adrea,Stockall,New York,Cholecap,16,8,2,17,4,2,2,65,160,145,13,191,47,385
17,Liliane,Raff,South Carolina,Cholecap,9,13,14,19,16,3,168,140,117,194,167,185,71,786
18,Tommie,Siemantel,Arkansas,Cholecap,19,11,18,11,11,19,186,54,76,31,54,0,70,401
19,George,Perrett,Ohio,Cholecap,20,0,11,1,7,19,45,14,125,94,27,4,39,305
20,Tomasine,Birdall,Kansas,Cholecap,16,1,18,13,20,12,59,195,86,86,103,48,68,529
21,Annalise,Dugood,Ohio,Cholecap,7,12,7,3,1,8,180,159,188,31,176,108,30,734
22,Harlan,Rodson,Washington,Cholecap,10,7,6,19,7,4,0,78,167,109,63,51,49,417
23,Richmound,Willshire,District of Columbia,Cholecap,5,1,1,12,11,14,168,177,86,98,122,51,30,651
24,Reynold,Blaszczyk,Texas,Cholecap,7,16,3,7,3,1,0,51,164,154,99,165,36,468
25,Craggy,Reaveley,Texas,Cholecap,7,12,12,18,7,5,31,186,149,114,140,183,56,620
26,Lotti,O'Shee,District of Columbia,Cholecap,4,2,2,20,15,2,166,191,8,5,29,42,43,399
27,Marv,Brennand,Ohio,Cholecap,19,11,3,20,12,13,156,55,197,91,54,107,65,553
28,Ignace,Kitchener,New York,Cholecap,14,12,14,1,4,4,48,168,117,45,186,114,45,564
29,Xever,Percival,Illinois,Cholecap,17,12,16,0,8,3,44,62,35,139,168,179,53,448
30,Aryn,Durdle,Colorado,Cholecap,7,5,11,6,18,9,94,43,147,75,44,188,47,403
31,Lauree,Fomichkin,Colorado,Cholecap,13,18,12,3,7,8,37,83,26,184,80,62,53,410
32,Grazia,Wrightam,California,Cholecap,4,11,20,19,7,11,196,112,77,93,65,56,61,543
33,Clarissa,Sadat,Mississippi,Cholecap,13,20,14,11,2,0,82,2,44,47,28,126,60,203
34,Ashlen,Paolazzi,Virginia,Cholecap,8,4,11,17,12,19,69,121,125,107,184,144,52,606
35,Elsie,Strangeway,Texas,Cholecap,17,17,7,12,2,13,138,138,50,51,119,29,55,496
36,Claudianus,Cabbell,Ohio,Cholecap,8,14,16,4,1,15,192,129,158,141,176,127,43,796
37,Zorina,Joincey,New York,Cholecap,9,9,10,13,16,15,7,173,143,96,60,75,57,479
38,Nilson,Charlson,Tennessee,Cholecap,4,17,10,6,7,12,43,76,109,18,10,12,44,256
39,Allina,Oldfield,Texas,Cholecap,18,11,7,19,10,18,169,143,64,44,54,108,65,474
40,Zachary,Letteresse,Arizona,Cholecap,15,10,15,15,4,18,94,25,103,57,194,193,59,473
41,Maris,Le Barre,New Jersey,Cholecap,11,6,0,16,12,11,169,87,99,180,128,181,45,663
42,Ludovico,Kilroy,South Dakota,Cholecap,20,5,5,3,20,9,12,32,27,28,146,107,53,245
43,Tedman,Weldon,Missouri,Cholecap,20,15,17,20,8,1,24,102,12,135,112,41,80,385
44,Asia,Danilyak,Pennsylvania,Cholecap,7,16,16,3,9,4,79,58,157,40,102,59,51,436
45,Corette,Buchanan,Missouri,Cholecap,4,4,13,0,8,15,39,51,47,79,72,78,29,288
46,Chico,Ritmeier,Georgia,Cholecap,7,4,5,6,15,6,165,186,109,123,197,32,37,780
47,Lynde,O'Cullinane,Texas,Cholecap,6,13,12,3,14,1,109,182,89,144,94,133,48,618
48,Vivia,Redborn,District of Columbia,Cholecap,6,4,3,2,6,5,84,119,44,113,77,14,21,437
49,Gene,Pollard,Indiana,Cholecap,17,14,18,14,1,20,145,185,167,6,80,27,64,583
50,Monti,Trett,Alabama,Cholecap,6,19,1,15,19,20,142,135,167,182,26,108,60,652
51,Andie,Gymlett,Massachusetts,Cholecap,18,5,4,3,15,20,83,16,130,151,75,28,45,455
52,Maia,Spriggin,California,Cholecap,2,5,6,7,17,5,157,67,60,38,70,138,37,392
53,Aleece,Holburn,District of Columbia,Cholecap,14,6,4,16,3,1,91,141,109,156,41,33,43,538
54,Aila,Tonna,Alabama,Cholecap,6,16,0,16,4,3,14,16,116,164,31,139,42,341
55,Vivianna,Mordin,Missouri,Cholecap,16,17,4,18,0,13,48,93,105,18,54,140,55,318
56,Carrie,Astbury,Massachusetts,Cholecap,9,17,2,4,8,17,5,44,96,74,184,34,40,403
57,Mommy,Grigoliis,California,Cholecap,18,3,1,10,17,2,51,149,41,72,185,5,49,498
58,Minor,Tattershall,Texas,Cholecap,9,2,9,17,6,10,79,37,112,154,99,71,43,481
59,Ade,Ballay,Massachusetts,Cholecap,19,13,2,7,7,4,154,7,135,52,183,130,48,531
60,Shannah,Giovannelli,Connecticut,Cholecap,11,12,15,5,5,12,20,59,175,52,107,119,48,413
61,Tirrell,Fritchley,Arizona,Cholecap,10,4,10,6,15,15,60,90,59,32,71,133,45,312
62,Nancee,Cane,Virginia,Cholecap,7,15,6,8,14,11,143,1,113,34,7,92,50,298
63,Elizabet,Dunster,Louisiana,Cholecap,14,18,2,4,6,0,157,88,21,93,24,72,44,383
64,Susannah,Nares,Georgia,Cholecap,15,14,3,15,12,20,184,94,19,86,12,122,59,395
65,Veradis,Letteresse,Utah,Cholecap,5,1,20,14,11,9,7,139,67,30,170,134,51,413
66,Sonnie,Coots,Nevada,Cholecap,16,9,1,9,16,7,157,42,54,170,94,111,51,517
67,Corabella,De Souza,California,Cholecap,12,10,9,17,20,7,91,46,145,182,76,82,68,540
68,Kristin,Camplen,Utah,Cholecap,6,13,16,13,3,8,109,81,91,11,154,163,51,446
69,Lucius,Lorenzetto,Illinois,Cholecap,14,9,4,9,2,8,56,14,143,178,165,152,38,556
70,Ernie,Jakaway,California,Cholecap,5,3,10,1,19,6,109,182,98,108,149,66,38,646
71,Rosy,Bubbings,Texas,Cholecap,8,11,9,9,20,1,155,65,51,81,137,48,57,489
72,Kelcey,McGrory,California,Cholecap,12,19,9,8,18,2,119,178,21,80,46,79,66,444
73,Lexine,Durden,California,Cholecap,20,19,14,11,20,15,134,85,112,133,16,106,84,480
74,Toiboid,Ellett,New York,Cholecap,13,6,7,5,3,15,79,166,128,40,15,57,34,428
75,Tris,Earl,Montana,Cholecap,10,7,15,7,16,5,103,179,114,151,168,146,55,715
76,Eldin,Mossbee,Nevada,Cholecap,15,13,6,0,4,8,93,171,35,108,68,166,38,475
77,Daisy,Luno,Pennsylvania,Cholecap,5,3,3,16,9,16,39,187,4,180,83,106,36,493
78,Silvie,Gurdon,Colorado,Cholecap,7,11,9,20,20,17,51,191,30,37,29,31,67,338
79,Toma,Dewhurst,Texas,Cholecap,5,14,1,16,8,8,74,199,184,32,161,13,44,650
80,Tabatha,Manton,Hawaii,Cholecap,3,6,14,3,15,12,41,182,61,77,180,67,41,541
81,Pearle,Peatheyjohns,Ohio,Cholecap,16,0,0,13,2,6,125,36,135,99,35,107,31,430
82,Cati,de Almeida,Oklahoma,Cholecap,7,20,20,5,6,2,121,78,8,69,39,200,58,315
83,Jourdain,Chalke,Florida,Cholecap,12,11,7,12,17,15,63,94,12,179,96,73,59,444
84,Cornelle,Venney,New York,Cholecap,12,5,4,7,12,9,72,129,102,199,172,112,40,674
85,Midge,Balden,Iowa,Cholecap,16,16,19,12,11,13,194,156,135,136,159,119,74,780
86,Jacquenette,Konzelmann,Colorado,Cholecap,19,5,2,4,3,6,184,147,161,123,17,121,33,632
87,Glenda,Lubeck,Texas,Cholecap,8,10,1,9,15,7,192,163,197,51,21,20,43,624
88,Salvatore,Hyde-Chambers,Massachusetts,Cholecap,12,2,17,7,2,6,25,35,63,196,31,101,40,350
89,Barnebas,Bladesmith,Texas,Cholecap,6,1,12,2,0,18,84,156,39,85,114,21,21,478
90,Ludvig,Gotliffe,Michigan,Cholecap,0,20,16,3,17,4,1,43,126,178,146,11,56,494
91,Otis,McBayne,Florida,Cholecap,2,16,17,0,1,7,141,166,5,194,129,128,36,635
92,Larissa,Gjerde,Texas,Cholecap,14,0,2,18,2,14,110,99,28,45,84,120,36,366
93,Christian,Sturgess,Texas,Cholecap,10,18,6,19,15,17,113,106,161,60,189,177,68,629
94,Martita,Bleackley,Wisconsin,Cholecap,9,16,2,6,20,3,7,156,171,13,98,17,53,445
95,Haleigh,Cuncliffe,Virginia,Cholecap,17,15,13,4,8,11,84,77,148,83,61,103,57,453
96,Kandace,Hartwell,Massachusetts,Cholecap,11,18,20,7,15,18,198,159,3,33,128,149,71,521
97,Ebba,Fagge,Mississippi,Cholecap,3,8,9,12,3,10,115,181,138,91,141,179,35,666
98,Codee,Sanpher,Colorado,Cholecap,2,12,9,12,17,15,95,119,76,3,62,42,52,355
99,Daveta,Jurgen,District of Columbia,Cholecap,10,14,12,0,9,17,128,70,181,43,7,163,45,429
100,Haleigh,Railton,Alaska,Cholecap,9,8,7,4,4,19,165,156,108,30,90,66,32,549
101,Roxine,Zettler,Arizona,Cholecap,2,12,18,11,2,0,136,91,94,137,119,52,45,577
102,Morena,Tredgold,Illinois,Cholecap,6,19,5,3,0,12,181,130,192,79,160,105,33,742
103,Davy,Gameson,Connecticut,Cholecap,13,5,20,13,16,12,31,184,43,103,181,157,67,542
104,Albertina,Dudek,District of Columbia,Cholecap,14,12,18,2,18,3,26,101,199,132,26,74,64,484
105,Halette,Muller,Massachusetts,Cholecap,18,2,17,12,2,6,37,106,125,147,3,69,51,418
106,Giana,Dykas,Ohio,Cholecap,6,19,4,6,19,14,39,27,88,48,23,94,54,225
107,Bryan,O'Donohue,California,Cholecap,11,18,10,2,2,10,40,60,17,112,180,48,43,409
108,Allistir,Cutting,Tennessee,Cholecap,19,3,1,14,13,0,172,75,185,161,165,183,50,758
109,Reginald,Coutts,California,Cholecap,20,7,10,14,19,1,66,5,98,80,96,59,70,345
110,Hattie,Flury,Michigan,Cholecap,7,2,17,7,18,4,152,151,12,101,25,176,51,441
111,Elias,Clericoates,Ohio,Cholecap,17,4,3,6,18,0,166,38,137,179,194,102,48,714
112,Mariellen,Derisly,Texas,Cholecap,10,6,10,7,14,13,64,24,92,53,196,145,47,429
113,Aila,Amyes,Washington,Cholecap,14,19,5,20,7,16,183,77,68,124,49,117,65,501
114,Vladimir,Zelland,Washington,Cholecap,4,6,2,1,0,14,146,115,57,172,187,64,13,677
115,Rebekkah,Klimus,Texas,Cholecap,4,2,14,18,17,1,39,37,114,63,80,98,55,333
116,Petey,Jindrich,Florida,Cholecap,10,19,7,4,20,16,199,89,91,194,147,136,60,720
117,Desiri,Warrilow,Texas,Cholecap,18,20,17,18,14,17,150,87,30,152,76,152,87,495
118,Kendre,De Bruin,Wisconsin,Cholecap,6,14,12,7,3,5,155,98,120,110,18,150,42,501
119,Creighton,Castellone,Florida,Cholecap,2,10,12,2,17,1,122,165,149,50,37,194,43,523
120,Sonya,Gownge,Texas,Cholecap,15,15,14,6,5,17,187,180,10,158,133,87,55,668
121,Donn,Riddall,New York,Cholecap,20,18,3,11,11,13,124,10,183,46,193,5,63,556
122,Idalina,Hlavecek,Washington,Cholecap,15,0,8,14,4,6,193,64,22,28,0,140,41,307
123,Brewster,Constance,North Carolina,Cholecap,13,19,20,12,13,10,32,159,104,50,13,101,77,358
124,Hazel,Hedderly,Florida,Cholecap,4,17,13,6,13,4,46,85,163,11,170,199,53,475
125,Bidget,Ramel,West Virginia,Cholecap,10,9,0,3,3,7,186,184,126,57,190,11,25,743
126,Franny,Frazier,Missouri,Cholecap,13,20,8,5,8,20,62,145,79,159,178,87,54,623
127,Lizette,Quernel,District of Columbia,Cholecap,12,9,14,18,4,2,38,93,116,157,192,112,57,596
128,Alina,Pogg,Virginia,Cholecap,4,19,7,9,15,19,138,81,39,116,87,193,54,461
129,Austin,Foulds,California,Cholecap,18,6,9,12,5,5,35,170,100,33,85,32,50,423
130,Norry,Forsyde,North Carolina,Cholecap,20,11,6,15,0,10,68,45,114,13,191,132,52,431
131,Karyn,Bolsover,Texas,Cholecap,3,15,14,12,11,11,173,44,162,59,91,16,55,529
132,Maynard,Caplen,Texas,Cholecap,15,9,16,13,15,5,186,168,58,138,193,6,68,743
133,Chiquia,Warham,Illinois,Cholecap,17,12,15,15,10,18,130,81,118,161,141,1,69,631
134,Selena,Girauld,Massachusetts,Cholecap,1,15,18,9,3,11,38,86,186,193,184,40,46,687
135,Melina,Boggis,Missouri,Cholecap,16,14,19,15,16,12,22,34,28,189,11,139,80,284
136,Karrah,Bradane,Alabama,Cholecap,6,8,0,7,1,18,29,65,195,116,6,74,22,411
137,Eleanor,Teresia,Massachusetts,Cholecap,19,5,17,14,13,13,145,92,194,125,83,190,68,639
138,Madge,Cregan,Colorado,Cholecap,5,4,9,4,20,6,83,37,50,119,143,189,42,432
139,Walden,Palliser,Alaska,Cholecap,0,20,9,0,3,2,111,116,76,164,92,3,32,559
140,Leonore,Winckworth,Florida,Cholecap,10,9,6,14,1,0,5,81,46,121,45,69,40,298
141,Monika,Pleat,South Carolina,Cholecap,5,16,10,15,5,0,16,152,4,164,76,109,51,412
142,Lucina,Wenden,Iowa,Cholecap,11,19,4,1,0,16,83,157,117,93,126,115,35,576
143,Carlie,McWhirter,North Carolina,Cholecap,0,1,0,9,11,12,78,49,87,79,130,10,21,423
144,Vicki,Bartell,Florida,Cholecap,16,12,13,6,10,11,16,134,94,78,16,70,57,338
145,Marcos,Felix,Georgia,Cholecap,2,0,16,17,3,15,104,6,161,116,6,187,38,393
146,Tamiko,O'Hagerty,Louisiana,Cholecap,13,8,16,2,5,19,0,110,144,69,171,167,44,494
147,Brand,Noden,Indiana,Cholecap,17,3,16,6,15,2,116,85,57,84,200,16,57,542
148,Wenonah,Campsall,Texas,Cholecap,20,16,15,16,2,8,96,89,24,73,9,191,69,291
149,Shell,August,Pennsylvania,Cholecap,14,12,2,17,7,7,31,36,40,193,57,111,52,357
150,Kelcey,Sackey,Florida,Cholecap,2,20,13,13,6,17,137,73,40,88,186,52,54,524
151,Salomon,De Witt,Maryland,Cholecap,13,2,12,3,0,15,126,84,16,135,45,39,30,406
152,Johna,Esseby,Georgia,Cholecap,9,8,14,2,14,5,80,117,102,103,31,93,47,433
153,Franzen,Kubasiewicz,Wisconsin,Cholecap,9,2,3,14,13,11,86,92,144,153,128,116,41,603
154,Elspeth,Tour,Tennessee,Cholecap,3,18,19,12,10,5,192,62,66,171,147,8,62,638
155,Virginie,Sager,California,Cholecap,16,5,13,1,11,4,171,176,178,155,81,146,46,761
156,Emalia,Frosdick,Illinois,Cholecap,7,19,19,0,13,7,57,123,105,66,107,195,58,458
157,Jeremias,Stotherfield,Florida,Cholecap,0,3,3,7,14,2,15,118,10,113,112,136,27,368
158,Freeland,Jenkins,Texas,Cholecap,8,3,9,14,5,7,55,180,30,56,30,173,39,351
159,Blakelee,Annandale,Ohio,Cholecap,7,16,14,5,4,17,171,10,16,156,81,161,46,434
160,Sherwood,Antliff,Oregon,Cholecap,16,19,10,4,19,0,71,96,167,26,131,61,68,491
161,Sile,Nanelli,Alaska,Cholecap,7,1,17,6,20,3,190,36,157,186,145,33,51,714
162,Zilvia,O'Teague,California,Cholecap,17,20,19,20,7,19,191,192,70,5,12,15,83,470
163,Gipsy,Petry,Georgia,Cholecap,0,14,6,1,3,2,170,82,41,159,174,117,24,626
164,Budd,Bozworth,California,Cholecap,0,15,0,14,12,16,78,194,25,185,96,97,41,578
165,Lettie,Vedekhin,Wisconsin,Cholecap,1,14,3,3,3,7,147,79,184,169,144,132,24,723
166,Loise,Dressell,Hawaii,Cholecap,2,11,1,8,7,12,29,197,64,62,15,162,29,367
167,Marketa,Keddle,Wisconsin,Cholecap,7,13,14,13,17,17,181,171,80,165,175,72,64,772
168,Fonsie,Sollon,Colorado,Cholecap,9,9,14,16,15,5,199,171,173,27,81,82,63,651
169,Carolee,Speke,California,Cholecap,0,17,11,17,10,13,113,102,183,85,178,54,55,661
170,Cynde,Cudihy,Pennsylvania,Cholecap,16,3,20,12,8,5,188,38,86,161,55,142,59,528
171,Judie,Macenzy,Florida,Cholecap,16,6,9,13,20,16,142,25,64,53,134,191,64,418
172,Cornela,Schoenfisch,Massachusetts,Cholecap,11,4,6,5,12,17,15,63,195,107,63,94,38,443
173,Dotty,Seakings,Pennsylvania,Cholecap,8,13,11,10,14,16,40,168,127,146,123,21,56,604
174,Cathrine,Tomaschke,Iowa,Cholecap,20,19,7,7,11,16,69,91,114,154,174,66,64,602
175,Marget,Bullar,Georgia,Cholecap,7,13,10,15,19,12,2,146,125,89,153,69,64,515
176,Luis,Carlo,Michigan,Cholecap,14,12,13,18,11,4,59,184,200,19,61,111,68,523
177,Genevra,Gilford,District of Columbia,Cholecap,20,16,12,0,15,2,5,95,47,120,56,142,63,323
178,Park,Seppey,New York,Cholecap,8,15,3,0,16,3,82,63,65,42,91,186,42,343
179,Raphaela,Garvey,Michigan,Cholecap,15,16,14,7,17,9,1,53,51,27,30,58,69,162
180,Renata,Morecomb,Indiana,Cholecap,0,2,7,12,10,20,165,51,87,33,16,197,31,352
181,Fanya,Dyment,Virginia,Cholecap,2,0,19,6,18,3,97,43,103,77,74,159,45,394
182,Farand,Wigin,California,Cholecap,0,17,0,18,18,7,159,117,131,83,104,103,53,594
183,Kathy,Taunton,Florida,Cholecap,4,17,18,3,14,15,82,30,34,6,4,76,56,156
184,Dniren,Hadlow,Illinois,Cholecap,4,3,11,5,1,8,178,39,51,191,110,180,24,569
185,Nicolais,Grewer,California,Cholecap,10,9,7,16,15,6,106,179,21,144,46,50,57,496
186,Teresina,Baterip,California,Cholecap,10,4,20,17,4,4,131,17,9,87,83,35,55,327
187,Harriett,Fevers,Florida,Cholecap,3,9,1,14,5,4,121,99,102,39,119,72,32,480
188,Dom,Mandrey,Illinois,Cholecap,4,20,16,4,10,5,80,5,30,153,68,36,54,336
189,Odelinda,Mullally,Arizona,Cholecap,14,2,17,13,8,6,165,84,101,142,146,158,54,638
190,Morey,Kumar,Florida,Cholecap,19,1,16,17,14,17,114,148,172,115,171,130,67,720
191,Virgil,Bushill,California,Cholecap,4,14,17,3,4,13,184,72,80,57,150,158,42,543
192,Nona,Dempster,Florida,Cholecap,13,9,13,15,19,19,89,37,56,68,120,149,69,370
193,Linus,Portchmouth,Minnesota,Cholecap,19,20,12,10,7,13,149,2,195,45,121,145,68,512
194,Claudette,Kevis,Georgia,Cholecap,6,8,6,2,14,16,45,136,72,47,27,98,36,327
195,Christiane,Whelband,Idaho,Cholecap,9,14,19,13,9,11,155,174,146,185,114,77,64,774
196,Izzy,Batsford,Texas,Cholecap,4,19,3,12,11,13,66,105,23,28,119,110,49,341
197,Evelina,D'Hooge,Delaware,Cholecap,16,3,10,0,13,8,123,30,20,167,95,74,42,435
198,Mackenzie,Paumier,Minnesota,Cholecap,19,8,8,18,17,3,170,178,187,128,26,63,70,689
199,Jody,McGenis,Florida,Cholecap,13,1,19,9,5,10,91,65,142,139,161,55,47,598
200,Ginevra,Ivens,Florida,Cholecap,11,1,5,8,3,12,76,20,143,173,133,191,28,545
201,Leon,Guilford,Florida,Cholecap,10,13,13,15,19,3,128,22,37,181,37,181,70,405
202,Jody,Eadmeades,South Carolina,Cholecap,13,10,12,3,11,2,34,198,155,140,25,77,49,552
203,Janice,Frickey,Illinois,Cholecap,0,18,12,10,7,5,129,66,23,29,42,131,47,289
204,Malia,Baitey,California,Cholecap,6,3,4,20,6,7,11,35,63,188,128,164,39,425
205,Kenon,McCaig,District of Columbia,Cholecap,10,20,5,3,13,11,35,171,162,195,21,178,51,584
206,Adan,Awcock,Texas,Cholecap,0,20,2,4,15,16,7,120,88,11,70,199,41,296
207,Justine,Devo,Maryland,Cholecap,0,7,19,10,13,10,184,174,160,30,38,66,49,586
208,Pauly,Kesley,Virginia,Cholecap,8,0,9,4,16,7,32,12,52,92,116,198,37,304
209,Saba,Alway,New Jersey,Cholecap,5,7,19,17,11,12,45,158,102,81,90,124,59,476
210,Leisha,Liebmann,New York,Cholecap,3,9,7,3,18,7,32,51,0,189,75,116,40,347
211,Kale,Kear,California,Cholecap,6,16,1,5,5,13,175,67,54,191,93,1,33,580
212,Maje,Santos,North Carolina,Cholecap,4,7,18,18,7,10,53,153,115,118,98,177,54,537
213,Sandy,Frascone,Ohio,Cholecap,20,18,2,17,0,18,135,38,27,174,67,85,57,441
214,Maxi,Caren,New York,Cholecap,1,18,13,8,17,17,90,46,193,94,188,147,57,611
215,Alisun,Gillet,Texas,Cholecap,13,20,1,19,9,8,66,118,0,103,158,100,62,445
216,Sebastiano,Cutmere,Michigan,Cholecap,7,19,13,4,8,4,129,187,11,117,130,171,51,574
217,Rosetta,Cathery,Florida,Cholecap,15,0,20,11,15,10,42,159,34,109,30,60,61,374
218,Darya,Bertin,Arizona,Cholecap,6,8,4,14,4,13,40,32,35,72,136,120,36,315
219,Bruce,Tawse,Oregon,Cholecap,9,12,10,1,5,10,29,60,104,188,184,7,37,565
220,Ashia,Colenutt,California,Cholecap,20,16,10,15,16,2,181,2,166,55,101,162,77,505
221,Mattie,Nisby,Ohio,Cholecap,3,17,2,10,2,12,38,134,149,34,153,134,34,508
222,Belinda,Syers,Arkansas,Cholecap,19,13,2,2,16,9,185,76,114,138,140,143,52,653
223,Kiley,Lindholm,Rhode Island,Cholecap,19,8,2,9,7,0,155,167,39,122,25,125,45,508
224,Carroll,Testin,New York,Cholecap,11,4,11,20,18,5,35,176,126,191,61,73,64,589
225,Sukey,Simonard,Texas,Cholecap,10,19,7,7,1,13,124,49,107,111,102,67,44,493
226,Christi,Corck,Georgia,Cholecap,10,7,13,18,4,7,83,128,161,154,171,6,52,697
227,Blane,Rekes,Oklahoma,Cholecap,9,2,17,8,3,17,38,68,26,172,84,113,39,388
228,Benedikt,Magog,Washington,Cholecap,9,2,6,12,8,4,37,119,61,136,137,178,37,490
229,Conan,Digan,Colorado,Cholecap,12,1,10,2,19,0,195,10,166,101,68,150,44,540
230,Genia,Aisman,New York,Cholecap,8,10,5,20,20,20,76,14,10,31,133,98,63,264
231,Jania,Cresswell,Delaware,Cholecap,10,9,19,16,13,5,28,185,147,185,116,71,67,661
232,Danika,Duligall,Massachusetts,Cholecap,16,12,12,19,7,12,187,90,91,151,163,191,66,682
233,Simone,Ingham,California,Cholecap,7,20,11,5,0,0,101,141,78,52,85,195,43,457
234,Mia,Churching,Kansas,Cholecap,11,18,13,1,4,3,97,22,132,61,89,131,47,401
235,Wilfred,Kervin,Minnesota,Cholecap,19,2,8,6,13,10,66,165,150,55,94,182,48,530
236,Mallory,Coram,Ohio,Cholecap,9,8,14,5,19,16,167,36,125,19,68,46,55,415
237,Cyrus,Eltune,North Carolina,Cholecap,11,11,15,20,8,13,45,139,191,98,193,46,65,666
238,Saleem,Goodding,Indiana,Cholecap,17,9,18,8,6,6,98,154,55,168,106,42,58,581
239,Corliss,Golden of Ireland,Florida,Cholecap,8,7,17,17,11,13,121,110,187,16,85,97,60,519
240,Skipper,Lording,Illinois,Cholecap,9,8,2,12,2,20,119,75,58,34,33,167,33,319
241,Freida,Whiterod,District of Columbia,Cholecap,14,7,7,13,7,5,58,157,41,146,95,86,48,497
242,Alexi,Slowgrove,California,Cholecap,12,19,20,17,16,18,169,47,194,99,189,15,84,698
243,Nehemiah,Extil,Minnesota,Cholecap,14,6,17,16,18,11,46,98,76,39,3,30,71,262
244,Bridie,Antonchik,Pennsylvania,Cholecap,11,20,16,11,8,15,157,61,37,70,59,184,66,384
245,Morgen,Raiman,Massachusetts,Cholecap,6,2,11,1,20,17,146,121,178,167,200,140,40,812
246,Menard,Donaldson,North Carolina,Cholecap,15,6,4,3,1,9,31,5,81,142,91,17,29,350
247,Dael,MacVanamy,Nevada,Cholecap,18,6,15,2,15,16,93,191,88,0,124,134,56,496
248,Nobie,Swetland,North Carolina,Cholecap,15,17,18,11,3,3,192,18,49,39,86,88,64,384
249,Alonzo,Kyneton,California,Cholecap,14,12,2,20,11,20,123,143,54,28,87,137,59,435
250,Therese,Craddy,Louisiana,Cholecap,1,13,11,17,7,3,60,104,169,67,167,79,49,567
251,Abba,Pietruschka,Pennsylvania,Cholecap,12,17,5,19,0,17,104,92,106,70,3,0,53,375
252,Roseline,Gloy,California,Cholecap,7,1,19,1,4,14,69,120,114,185,103,65,32,591
253,Wally,Shipston,Ohio,Cholecap,5,20,5,5,1,10,50,70,44,197,26,63,36,387
254,Ugo,Kerwen,California,Cholecap,15,19,10,16,16,2,28,164,21,151,150,30,76,514
255,Myrtia,Lendon,Indiana,Cholecap,20,3,19,14,2,7,138,184,64,35,0,138,58,421
256,Shea,Abele,Virginia,Cholecap,0,10,13,13,16,9,144,31,59,43,128,195,52,405
257,Bartram,Stot,Florida,Cholecap,13,14,2,13,16,1,28,39,91,100,106,66,58,364
258,Ber,Durling,Utah,Cholecap,18,19,15,8,20,11,55,190,88,158,38,62,80,529
259,Fabe,Poge,Nevada,Cholecap,16,10,12,6,7,20,20,118,118,63,74,168,51,393
260,Karita,Lyven,New York,Cholecap,11,15,10,0,20,12,67,37,64,162,124,130,56,454
261,Kristoffer,Braganca,New York,Cholecap,8,0,4,2,13,3,148,14,70,129,118,140,27,479
262,Norine,Greenland,Texas,Cholecap,9,18,14,19,10,1,91,15,136,82,186,162,70,510
263,Walker,MacInherney,California,Cholecap,10,19,6,16,12,20,137,7,98,38,163,166,63,443
264,Karil,Grinyer,New York,Cholecap,8,0,8,18,17,11,133,123,173,79,136,190,51,644
265,Lyda,Kestian,Colorado,Cholecap,3,15,16,6,6,13,108,39,70,68,52,188,46,337
266,Web,Barkly,Texas,Cholecap,9,5,11,7,8,15,56,134,69,60,179,29,40,498
267,Delora,Heasman,Florida,Cholecap,12,10,9,16,16,18,98,95,181,85,131,187,63,590
268,Hilliard,Yurkiewicz,Maryland,Cholecap,10,0,17,13,13,5,62,84,67,70,161,78,53,444
269,Tillie,Callan,Virginia,Cholecap,17,19,0,4,6,17,154,188,190,49,186,114,46,767
270,Pat,Truelock,Texas,Cholecap,1,2,13,7,5,3,149,97,32,176,170,71,28,624
271,Hashim,Samsworth,Virginia,Cholecap,11,2,4,18,7,10,172,141,188,79,32,85,42,612
272,Sindee,Egan,Pennsylvania,Cholecap,19,4,20,16,13,0,80,162,154,33,54,9,72,483
273,Lotty,Callen,Florida,Cholecap,3,17,4,2,20,15,122,7,155,158,74,17,46,516
274,Prentiss,Premble,Missouri,Cholecap,3,18,13,20,12,6,74,42,92,179,160,119,66,547
275,Herman,Stonner,Pennsylvania,Cholecap,7,6,13,18,2,3,2,96,6,44,1,122,46,149
276,Burnaby,Mennithorp,Mississippi,Cholecap,4,0,8,8,4,17,34,77,147,141,193,76,24,592
277,Sosanna,Ginty,Pennsylvania,Cholecap,4,3,13,8,18,19,104,21,74,34,182,0,46,415
278,Missy,Kiefer,District of Columbia,Cholecap,9,2,14,6,0,5,103,125,90,112,143,169,31,573
279,Rosina,Jesper,Ohio,Cholecap,15,15,0,13,3,17,38,52,49,38,115,174,46,292
280,Bartholemy,Wesley,Massachusetts,Cholecap,19,19,13,10,6,5,10,5,149,44,182,98,67,390
281,Conny,Rydings,New York,Cholecap,11,11,6,0,19,11,172,197,140,159,111,139,47,779
282,Becka,Gilpin,South Carolina,Cholecap,20,0,16,6,19,20,27,53,110,84,1,150,61,275
283,Georgeanne,Thirlaway,Kentucky,Cholecap,8,9,18,13,9,17,199,14,97,38,55,99,57,403
284,Alwyn,MacCawley,Colorado,Cholecap,2,8,13,16,20,17,166,111,120,159,121,130,59,677
285,Martin,Peret,District of Columbia,Cholecap,4,11,11,0,0,11,78,45,76,78,66,20,26,343
286,Colette,March,Missouri,Cholecap,11,18,8,17,2,6,100,16,2,58,149,130,56,325
287,Molli,Kytley,Florida,Cholecap,8,2,1,13,11,5,100,136,109,118,82,40,35,545
288,Estrella,Roden,Utah,Cholecap,2,4,6,9,15,4,54,93,187,58,11,181,36,403
289,Antonia,Dickin,Alabama,Cholecap,16,16,17,1,11,8,22,135,53,33,20,88,61,263
290,Tessie,Vasiltsov,Wisconsin,Cholecap,17,16,8,17,2,12,54,76,87,66,63,49,60,346
291,Mycah,Ashburner,Wisconsin,Cholecap,20,13,5,7,2,3,176,152,69,54,137,179,47,588
292,Levin,Maclaine,California,Cholecap,1,10,11,19,17,10,184,191,3,73,106,197,58,557
293,Iona,Sandcroft,Louisiana,Cholecap,18,20,4,4,7,6,154,70,66,50,160,119,53,500
294,Maddi,Hanssmann,New York,Cholecap,0,10,11,3,0,6,168,83,76,107,128,117,24,562
295,Robinia,Oades,Arizona,Cholecap,0,1,5,5,8,18,68,74,170,186,149,57,19,647
296,Shawna,Simon,Minnesota,Cholecap,17,18,5,3,7,4,191,81,199,77,192,11,50,740
297,Far,Joburn,Tennessee,Cholecap,10,9,10,15,5,2,163,39,17,167,43,16,49,429
298,Jenifer,Eudall,Ohio,Cholecap,16,9,4,3,6,14,5,175,187,115,137,178,38,619
299,Belva,Tubble,Florida,Cholecap,6,4,16,2,7,19,127,43,168,22,47,191,35,407
300,Agretha,Jancy,New York,Cholecap,15,18,2,9,20,0,184,34,98,54,18,79,64,388
301,Carie,Kingsnode,Iowa,Cholecap,1,15,2,4,19,17,142,113,197,125,56,187,41,633
302,Loleta,Everington,California,Cholecap,19,9,17,16,11,12,46,89,200,124,62,45,72,521
303,Sonny,Field,Florida,Cholecap,2,11,20,20,7,15,170,187,195,141,177,175,60,870
304,Claresta,Boorn,Missouri,Cholecap,13,17,5,7,18,5,21,116,190,129,3,99,60,459
305,Teddie,Markovic,California,Cholecap,7,0,14,11,13,9,69,197,88,158,11,191,45,523
306,Borg,Marwood,Connecticut,Cholecap,18,3,10,9,0,16,187,2,82,157,31,136,40,459
307,Wells,Fraine,Michigan,Cholecap,19,4,16,16,9,14,38,172,106,177,104,65,64,597
308,Yancey,Lared,California,Cholecap,15,5,4,0,4,4,82,138,78,1,121,122,28,420
309,Donella,Sandham,New York,Cholecap,3,6,7,1,2,17,38,106,30,122,154,103,19,450
310,Aurea,Font,Colorado,Cholecap,12,1,15,4,8,2,32,167,85,27,4,92,40,315
311,Kirstyn,Peschmann,Alaska,Cholecap,10,9,17,14,16,18,191,68,64,134,12,158,66,469
312,Lian,Boarleyson,Colorado,Cholecap,0,15,0,16,18,17,22,163,145,181,71,176,49,582
313,Renate,Waterstone,Massachusetts,Cholecap,11,6,6,1,1,15,95,77,25,77,110,33,25,384
314,Cacilia,Farren,South Carolina,Cholecap,4,10,2,15,14,13,170,170,47,110,23,60,45,520
315,Lou,Skillington,California,Cholecap,19,16,5,18,18,16,193,55,0,24,155,149,76,427
316,Isacco,Crampton,New York,Cholecap,13,0,17,3,7,17,134,60,199,187,126,52,40,706
317,Stacy,Yeatman,Florida,Cholecap,4,16,3,15,11,0,175,10,54,19,50,12,49,308
318,Ursulina,Spooner,District of Columbia,Cholecap,12,5,18,13,2,0,196,71,172,31,112,4,50,582
319,Rinaldo,De La Hay,Texas,Cholecap,18,5,7,4,10,6,59,9,75,178,88,146,44,409
320,Massimiliano,Bradford,North Carolina,Cholecap,3,3,19,18,10,19,170,24,144,161,28,161,53,527
321,Tisha,Bader,Connecticut,Cholecap,19,2,8,10,8,2,139,97,41,116,3,130,47,396
322,Catherina,Darey,New York,Cholecap,8,5,8,12,19,0,83,84,69,5,101,0,52,342
323,Niko,Rawstorn,Oklahoma,Cholecap,9,16,4,9,4,3,49,143,137,13,156,199,42,498
324,Valeria,Munro,Florida,Cholecap,18,3,1,12,8,15,105,141,109,43,31,150,42,429
325,Roz,Clineck,Texas,Cholecap,18,19,6,19,8,2,182,96,180,149,69,3,70,676
326,Raimund,Figin,California,Cholecap,14,7,17,0,11,8,142,60,88,109,71,127,49,470
327,Celestia,McPhail,Iowa,Cholecap,2,8,5,11,8,13,153,1,168,196,149,147,34,667
328,Richmound,McGeady,Texas,Cholecap,16,20,20,11,1,14,54,32,81,161,83,157,68,411
329,Mirelle,Kennagh,Florida,Cholecap,11,14,15,5,10,12,194,52,8,60,111,40,55,425
330,Jonah,Oswal,Minnesota,Cholecap,7,16,7,18,5,9,121,127,46,182,1,167,53,477
331,Debbi,Osborne,New York,Cholecap,14,18,16,7,12,11,176,167,43,153,48,3,67,587
332,Jaymee,Gonnard,New York,Cholecap,9,5,15,14,2,8,167,29,180,16,142,79,45,534
333,Jerrome,Bernardes,Ohio,Cholecap,17,20,7,0,5,18,190,2,114,129,78,23,49,513
334,Costanza,Letson,Arizona,Cholecap,6,4,13,11,9,12,0,112,49,16,59,166,43,236
335,Shelbi,Fordy,New York,Cholecap,6,3,18,10,2,19,149,129,189,61,81,157,39,609
336,Karlen,Andretti,Alabama,Cholecap,10,20,18,17,7,1,119,151,168,82,146,91,72,666
337,Matthiew,Rawcliffe,Georgia,Cholecap,17,0,8,20,6,2,155,74,102,0,125,134,51,456
338,Nadean,Northedge,California,Cholecap,11,15,5,9,3,7,65,198,163,170,53,195,43,649
339,My,Gladwish,New York,Cholecap,3,11,3,1,15,9,55,186,136,49,154,6,33,580
340,Betty,Twizell,Mississippi,Cholecap,9,5,13,16,13,10,98,80,111,106,24,19,56,419
341,Lawrence,Sparey,Louisiana,Cholecap,12,3,11,9,19,2,130,71,119,97,90,23,54,507
342,Tina,Legendre,Indiana,Cholecap,14,14,11,20,19,6,57,97,100,41,87,151,78,382
343,Atlanta,Chiverstone,Ohio,Cholecap,9,7,10,3,12,1,2,94,167,48,157,134,41,468
344,Arleen,Spada,Florida,Cholecap,13,0,10,2,10,1,110,74,21,136,131,30,35,472
345,Licha,McGarrell,South Carolina,Cholecap,7,9,0,14,7,17,125,175,131,43,130,102,37,604
346,Muffin,Aubin,New York,Cholecap,15,11,10,1,4,5,197,71,188,80,158,142,41,694
347,Tabina,Caudrelier,Virginia,Cholecap,19,3,17,8,10,11,83,166,36,73,88,29,57,446
348,Lolita,Brevetor,Georgia,Cholecap,17,12,7,10,2,19,173,71,158,44,23,165,48,469
349,Jenn,Fysh,Utah,Cholecap,6,19,12,15,1,12,28,19,178,194,169,75,53,588
350,Amaleta,Macquire,Illinois,Cholecap,2,14,0,8,14,1,200,69,21,112,126,41,38,528
351,Henka,Roches,Minnesota,Zap-a-Pain,8,2,19,4,4,4,185,30,168,62,29,63,37,474
352,Wyn,Biaggiotti,Maryland,Zap-a-Pain,15,20,20,8,16,2,192,158,75,80,30,33,79,535
353,Dewey,Helder,Florida,Zap-a-Pain,13,8,3,0,1,4,173,114,2,39,27,21,25,355
354,Dorris,Brafield,Louisiana,Zap-a-Pain,0,16,3,17,5,14,184,15,21,122,161,32,41,503
355,Doris,Fullilove,Delaware,Zap-a-Pain,6,19,8,19,10,7,85,89,135,93,80,69,62,482
356,Ingrid,Messer,Texas,Zap-a-Pain,19,12,1,9,9,7,90,126,176,39,50,198,50,481
357,Alano,Adams,Florida,Zap-a-Pain,13,0,19,15,6,13,51,66,91,7,128,181,53,343
358,Barb,Huriche,Louisiana,Zap-a-Pain,6,12,4,6,18,20,192,26,158,87,5,118,46,468
359,Prissie,Benham,New York,Zap-a-Pain,12,5,11,0,12,6,113,115,58,23,7,52,40,316
360,Aubrey,Lyddiard,Texas,Zap-a-Pain,2,19,14,11,2,16,92,108,172,20,89,129,48,481
361,Levy,Inkpin,Florida,Zap-a-Pain,11,16,0,18,12,4,75,179,83,146,39,144,57,522
362,Xavier,Pascoe,Illinois,Zap-a-Pain,9,17,16,1,3,8,3,161,144,199,197,30,46,704
363,Jamesy,Soares,Illinois,Zap-a-Pain,2,19,6,8,9,12,4,35,111,118,138,171,44,406
364,Zorah,Axleby,Tennessee,Zap-a-Pain,13,14,5,19,3,7,134,46,60,4,162,59,54,406
365,Nobie,Le Port,Florida,Zap-a-Pain,5,17,9,10,19,16,97,19,155,109,164,33,60,544
366,Maxim,Windless,California,Zap-a-Pain,20,11,19,3,6,9,1,104,34,55,60,65,59,254
367,Bren,Frood,Missouri,Zap-a-Pain,15,13,10,18,2,11,79,125,86,19,186,92,58,495
368,Brendon,Richards,Nebraska,Zap-a-Pain,8,2,13,19,11,11,154,2,24,169,56,67,53,405
369,Kelcey,Lonie,Texas,Zap-a-Pain,7,19,10,19,8,8,189,70,180,139,16,127,63,594
370,Mack,Pavkovic,Oregon,Zap-a-Pain,4,6,0,19,8,17,118,39,191,127,59,1,37,534
371,Whitman,Duiged,California,Zap-a-Pain,9,4,10,9,8,10,27,58,130,192,145,186,40,552
372,Dorian,Reeme,Indiana,Zap-a-Pain,6,3,2,15,6,2,186,168,29,180,56,56,32,619
373,Nicoli,Briffett,Colorado,Zap-a-Pain,13,6,3,4,3,15,183,152,130,2,117,69,29,584
374,Wheeler,Capes,California,Zap-a-Pain,4,6,18,20,4,20,69,158,79,108,199,196,52,613
375,Lucine,Beaten,New York,Zap-a-Pain,16,5,13,17,20,20,102,77,167,142,61,179,71,549
376,Dorri,Amys,Utah,Zap-a-Pain,1,6,8,9,18,16,5,17,51,12,162,80,42,247
377,Karil,Antoszczyk,West Virginia,Zap-a-Pain,9,18,0,8,7,10,32,36,113,35,4,78,42,220
378,Arlee,Sowrey,Virginia,Zap-a-Pain,3,4,4,12,6,3,28,193,145,190,18,99,29,574
379,Zaria,Lidgley,Louisiana,Zap-a-Pain,16,15,18,4,8,19,29,192,193,67,178,82,61,659
380,Shem,Kither,Ohio,Zap-a-Pain,6,11,5,20,19,16,170,97,156,8,184,167,61,615
381,Molli,Kurth,Texas,Zap-a-Pain,10,3,5,19,17,12,145,51,138,129,10,160,54,473
382,Ramsay,Pettendrich,Florida,Zap-a-Pain,12,4,4,10,20,1,198,108,176,36,60,29,50,578
383,Noelle,Glazebrook,Colorado,Zap-a-Pain,7,16,4,4,2,5,140,149,62,47,181,33,33,579
384,Kikelia,Whale,Indiana,Zap-a-Pain,6,3,20,19,13,18,92,172,192,83,145,136,61,684
385,Vince,Fagge,Indiana,Zap-a-Pain,13,7,0,13,2,14,110,200,159,144,19,27,35,632
386,Jolynn,Polhill,New Jersey,Zap-a-Pain,10,10,3,0,1,19,70,72,185,46,130,58,24,503
387,Kit,de Guerre,New York,Zap-a-Pain,5,11,6,14,7,15,53,92,64,185,109,156,43,503
388,Boony,Vann,New York,Zap-a-Pain,19,16,7,8,19,7,164,96,49,26,191,68,69,526
389,Pancho,Devenny,Arkansas,Zap-a-Pain,1,10,16,9,6,19,10,37,156,137,15,30,42,355
390,Mischa,Hebblewhite,Florida,Zap-a-Pain,0,12,16,4,14,2,58,157,179,191,63,161,46,648
391,Shea,Sarten,District of Columbia,Zap-a-Pain,3,1,6,15,4,4,160,123,156,75,138,168,29,652
392,Sherwin,Pittman,Oklahoma,Zap-a-Pain,17,15,20,3,19,18,50,139,123,32,118,185,74,462
393,Rustin,Kleynermans,Arizona,Zap-a-Pain,17,5,4,15,10,10,139,95,132,51,9,148,51,426
394,Benny,Goodoune,Indiana,Zap-a-Pain,8,14,16,18,20,8,61,21,18,43,101,129,76,244
395,Sarah,Wilkowski,New York,Zap-a-Pain,12,13,3,20,8,19,23,120,168,4,56,20,56,371
396,Benjy,Silverson,Texas,Zap-a-Pain,7,7,13,4,16,4,182,74,161,134,196,164,47,747
397,Clarice,Howard,North Carolina,Zap-a-Pain,19,20,12,13,7,18,151,116,37,157,42,198,71,503
398,Adelice,Biagioni,Missouri,Zap-a-Pain,5,3,1,16,20,0,98,39,122,13,153,52,45,425
399,Oralla,Vise,Pennsylvania,Zap-a-Pain,5,17,20,4,11,12,28,97,128,111,56,56,57,420
400,Dot,Rozycki,California,Zap-a-Pain,2,7,2,5,12,11,31,135,148,27,77,61,28,418
401,Tymon,Chiese,California,Zap-a-Pain,2,17,15,17,4,2,8,107,116,9,47,6,55,287
402,Adeline,Hellier,New York,Zap-a-Pain,7,13,11,9,5,2,100,17,143,27,182,66,45,469
403,Lane,Crut,California,Zap-a-Pain,20,17,0,5,15,10,82,179,3,128,9,154,57,401
404,Alison,Chippin,Minnesota,Zap-a-Pain,17,17,17,15,12,12,140,47,101,38,16,171,78,342
405,Rita,Sherreard,Florida,Zap-a-Pain,3,3,8,13,7,13,64,196,52,156,21,64,34,489
406,Veronique,Drewry,Louisiana,Zap-a-Pain,14,8,7,0,1,17,12,50,113,68,115,139,30,358
407,Sheri,Batchellor,Virginia,Zap-a-Pain,10,8,2,7,0,20,58,125,171,122,136,160,27,612
408,Rosabella,Berthe,Ohio,Zap-a-Pain,10,17,8,0,3,3,175,159,158,166,186,108,38,844
409,Rea,Quartly,District of Columbia,Zap-a-Pain,20,12,4,4,12,9,26,78,123,88,164,55,52,479
410,Roselia,Cuttelar,Washington,Zap-a-Pain,1,17,1,0,20,15,17,39,123,25,137,52,39,341
411,Filberte,Mordin,Texas,Zap-a-Pain,16,0,13,19,10,14,103,113,48,26,134,66,58,424
412,Ethelda,Brandreth,Texas,Zap-a-Pain,1,14,2,18,7,6,164,31,164,139,27,141,42,525
413,Hayward,Barclay,Virginia,Zap-a-Pain,5,0,5,1,15,9,97,75,120,52,154,74,26,498
414,Regan,Poker,Arkansas,Zap-a-Pain,5,11,4,8,14,5,27,3,81,88,71,133,42,270
415,Nanine,Monckman,Kentucky,Zap-a-Pain,13,16,5,11,5,0,168,137,196,47,94,92,50,642
416,Eugine,Simcock,Louisiana,Zap-a-Pain,1,18,16,11,3,15,94,80,116,128,25,37,49,443
417,Vivie,Durrant,Indiana,Zap-a-Pain,16,3,11,6,18,15,102,84,98,19,66,71,54,369
418,Allsun,Erb,Indiana,Zap-a-Pain,19,13,19,12,18,9,108,72,25,190,198,78,81,593
419,Heddi,Liveing,Indiana,Zap-a-Pain,7,13,4,16,12,17,177,74,22,162,130,34,52,565
420,Alix,Bitchener,Georgia,Zap-a-Pain,3,12,19,2,0,6,117,131,192,25,116,159,36,581
421,Justen,Dring,Texas,Zap-a-Pain,15,5,18,17,4,15,183,85,130,158,62,182,59,618
422,Calida,Devine,Tennessee,Zap-a-Pain,19,10,20,17,20,9,107,66,169,124,177,178,86,643
423,Claudine,Kempstone,Utah,Zap-a-Pain,16,1,15,4,6,4,121,105,113,105,188,158,42,632
424,Gary,Stilgoe,Florida,Zap-a-Pain,5,15,16,16,0,19,85,21,23,78,107,185,52,314
425,Faydra,Brimilcombe,California,Zap-a-Pain,14,5,13,8,2,2,83,72,142,152,35,161,42,484
426,Britte,Braven,North Carolina,Zap-a-Pain,19,7,11,14,11,16,104,140,115,189,118,198,62,666
427,Harmony,Peltz,New York,Zap-a-Pain,7,3,11,18,15,8,130,189,9,189,36,92,54,553
428,Nyssa,Taphouse,Florida,Zap-a-Pain,10,20,9,16,12,14,107,78,136,37,49,43,67,407
429,Sybila,Pirkis,Georgia,Zap-a-Pain,1,15,1,11,4,17,133,7,36,1,17,49,32,194
430,Geoffrey,D'Souza,California,Zap-a-Pain,0,2,1,15,16,10,116,130,38,83,184,183,34,551
431,Arin,Schubert,Georgia,Zap-a-Pain,20,14,16,0,19,4,68,46,88,13,70,87,69,285
432,Ketty,Breffitt,California,Zap-a-Pain,18,0,8,6,4,16,25,38,36,191,160,185,36,450
433,Puff,Tatterton,Pennsylvania,Zap-a-Pain,11,10,12,3,3,20,70,186,48,180,176,89,39,660
434,Frank,Matitiaho,California,Zap-a-Pain,17,1,20,13,5,8,70,109,47,95,92,166,56,413
435,Adria,Ayscough,Virginia,Zap-a-Pain,15,16,3,20,19,13,188,157,129,61,44,194,73,579
436,Franny,Segeswoeth,Texas,Zap-a-Pain,11,9,6,13,7,7,0,111,88,68,35,135,46,302
437,Bobby,Seebert,Nebraska,Zap-a-Pain,6,7,11,6,10,20,157,5,97,199,6,42,40,464
438,Maighdiln,Conrath,New York,Zap-a-Pain,3,20,16,7,15,18,137,66,84,2,124,173,61,413
439,Bev,Merrell,Maryland,Zap-a-Pain,15,10,11,10,3,4,15,177,31,178,38,123,49,439
440,Hamid,Bordiss,Texas,Zap-a-Pain,14,10,11,8,1,5,64,5,86,92,106,150,44,353
441,Hoebart,Karran,Illinois,Zap-a-Pain,17,15,19,8,16,0,143,56,133,154,193,45,75,679
442,Glendon,Axe,Ohio,Zap-a-Pain,5,20,12,13,10,9,167,36,63,197,5,139,60,468
443,Keelia,Leethem,Arkansas,Zap-a-Pain,14,6,17,6,17,18,177,171,172,133,136,161,60,789
444,Wandie,O' Liddy,Georgia,Zap-a-Pain,18,16,2,17,1,10,5,159,31,80,26,48,54,301
445,Barbaraanne,Juszczyk,Alaska,Zap-a-Pain,20,16,14,18,10,16,147,131,152,27,173,26,78,630
446,Ricardo,Spira,Virginia,Zap-a-Pain,19,6,4,4,0,10,132,129,175,16,130,154,33,582
447,Gigi,Ashburne,California,Zap-a-Pain,17,5,14,13,12,3,181,79,107,55,178,197,61,600
448,Gothart,Skelton,Ohio,Zap-a-Pain,20,6,0,7,14,1,139,11,199,108,124,18,47,581
449,Garret,Grumble,California,Zap-a-Pain,16,17,12,17,3,11,25,157,190,15,18,100,65,405
450,Aveline,Muriel,Texas,Zap-a-Pain,17,19,19,8,18,16,77,137,132,67,54,172,81,467
451,Rosabelle,Newlands,Alabama,Zap-a-Pain,15,15,11,9,19,20,174,18,143,22,141,27,69,498
452,Giustina,Iwanicki,Colorado,Zap-a-Pain,5,7,19,6,10,4,93,195,115,135,11,61,47,549
453,Clim,Stanbury,Arizona,Zap-a-Pain,5,16,3,9,19,13,10,150,149,35,70,149,52,414
454,Cross,Lashbrook,Florida,Zap-a-Pain,0,5,13,12,11,15,44,78,84,186,67,110,41,459
455,Rochester,Catterson,Illinois,Zap-a-Pain,0,18,7,19,13,2,85,155,5,58,173,149,57,476
456,Vassily,Feaks,Wisconsin,Zap-a-Pain,4,4,0,17,0,14,177,173,20,76,97,173,25,543
457,Tim,Lafond,District of Columbia,Zap-a-Pain,4,4,2,3,1,1,113,46,139,107,158,45,14,563
458,Cassandry,Houseago,Wisconsin,Zap-a-Pain,18,17,8,13,12,16,42,127,185,11,179,71,68,544
459,Kendall,Rippin,New York,Zap-a-Pain,7,7,18,19,5,15,167,149,79,105,77,34,56,577
460,Gaven,Trevillion,Colorado,Zap-a-Pain,18,7,5,12,14,6,104,170,128,80,194,65,56,676
461,Helaine,Thaim,Utah,Zap-a-Pain,9,12,18,16,14,10,38,127,23,119,169,103,69,476
462,Bambie,Harce,Virginia,Zap-a-Pain,3,13,9,18,0,18,74,200,196,134,77,95,43,681
463,Willey,Goodbourn,Louisiana,Zap-a-Pain,1,18,8,1,2,3,186,46,108,16,116,103,30,472
464,Sloane,Hallworth,Virginia,Zap-a-Pain,19,17,13,18,3,4,47,106,68,174,115,29,70,510
465,Ruprecht,Feragh,Ohio,Zap-a-Pain,11,12,18,12,20,8,23,15,118,127,41,98,73,324
466,Bernard,Lillee,Texas,Zap-a-Pain,11,1,13,2,2,16,194,35,146,166,141,41,29,682
467,Sigismondo,Camber,North Dakota,Zap-a-Pain,1,19,12,1,11,16,69,48,8,196,1,107,44,322
468,Taddeo,McCullum,Connecticut,Zap-a-Pain,0,17,2,11,18,2,154,184,3,129,163,170,48,633
469,Onfroi,Rowbottom,Vermont,Zap-a-Pain,6,1,10,17,19,9,182,106,43,146,188,108,53,665
470,Kordula,Meaden,Missouri,Zap-a-Pain,2,15,9,2,4,8,154,128,19,42,13,117,32,356
471,Erin,Jozef,Nevada,Zap-a-Pain,9,1,3,17,9,16,159,191,123,25,9,89,39,507
472,Andras,Brewood,Michigan,Zap-a-Pain,13,10,14,19,10,6,144,74,147,104,161,142,66,630
473,Brittney,Chastan,Texas,Zap-a-Pain,12,8,19,20,3,19,181,59,105,41,68,131,62,454
474,Evered,Tofts,Ohio,Zap-a-Pain,15,4,4,2,13,4,85,77,19,114,178,126,38,473
475,Dareen,Musla,Tennessee,Zap-a-Pain,10,19,17,15,16,18,58,164,131,83,164,136,77,600
476,Morgan,Gerald,North Carolina,Zap-a-Pain,6,17,19,8,12,8,154,6,24,74,185,100,62,443
477,Ferguson,Savege,Alabama,Zap-a-Pain,2,10,13,17,2,7,108,135,159,21,136,74,44,559
478,Phip,Wickenden,North Carolina,Zap-a-Pain,19,20,11,8,20,5,152,10,72,107,82,135,78,423
479,Hillary,Novakovic,Nebraska,Zap-a-Pain,17,1,15,20,14,13,177,59,180,92,59,83,67,567
480,Leif,Van den Oord,Virginia,Zap-a-Pain,0,3,19,4,0,18,107,134,130,23,116,193,26,510
481,Aaren,Polin,Massachusetts,Zap-a-Pain,6,16,0,1,10,1,10,178,110,55,112,156,33,465
482,Ethelda,Roderighi,Arkansas,Zap-a-Pain,16,11,2,10,12,2,126,92,157,153,150,6,51,678
483,Euell,Skym,Indiana,Zap-a-Pain,13,5,17,9,13,8,76,151,174,56,35,160,57,492
484,Marina,MacGown,Texas,Zap-a-Pain,10,13,3,16,0,1,97,165,94,176,40,152,42,572
485,Barbara-anne,Goldby,Florida,Zap-a-Pain,17,20,0,2,13,12,26,170,148,66,125,74,52,535
486,Livvy,Greg,Colorado,Zap-a-Pain,14,16,7,11,13,11,108,168,55,42,47,135,61,420
487,Amelina,Lawson,Washington,Zap-a-Pain,18,12,2,3,5,15,195,107,150,161,194,55,40,807
488,Pavel,Upsale,Arkansas,Zap-a-Pain,17,20,6,13,11,11,182,175,176,2,185,117,67,720
489,Allsun,Righy,District of Columbia,Zap-a-Pain,0,0,0,0,13,12,155,32,152,33,30,134,13,402
490,Foss,Boddis,Iowa,Zap-a-Pain,2,11,17,20,9,6,82,27,94,23,138,61,59,364
491,Wandie,Busst,Washington,Zap-a-Pain,19,12,9,13,19,13,62,32,72,73,28,44,72,267
492,Genevra,Simmonett,Alabama,Zap-a-Pain,2,4,10,6,12,1,166,155,38,49,170,95,34,578
493,Tore,St Ledger,Indiana,Zap-a-Pain,10,2,1,13,4,13,107,38,81,98,140,195,30,464
494,Yancey,Packe,Texas,Zap-a-Pain,9,3,1,13,5,19,31,44,3,34,11,188,31,123
495,Annissa,Quiney,Texas,Zap-a-Pain,4,11,14,13,8,7,9,158,169,3,88,137,50,427
496,Prent,McCahill,Georgia,Zap-a-Pain,0,14,9,18,18,17,139,108,184,121,147,144,59,699
497,Dur,de Clercq,Texas,Zap-a-Pain,4,3,11,19,9,0,136,187,20,112,137,47,46,592
498,Angelica,Ferrierio,California,Zap-a-Pain,6,10,3,20,16,8,137,33,133,160,112,75,55,575
499,Tedie,Kenrick,Missouri,Zap-a-Pain,4,5,11,15,14,19,191,43,2,85,71,192,49,392
500,Zelda,Bridgwood,District of Columbia,Zap-a-Pain,16,11,1,8,15,9,198,29,146,60,117,198,51,550
501,Kynthia,Treend,Texas,Zap-a-Pain,12,15,10,20,4,14,17,26,182,171,36,136,61,432
502,Caren,Dodell,Louisiana,Zap-a-Pain,3,9,18,7,4,11,63,3,197,178,101,82,41,542
503,Nickolaus,Playfair,South Carolina,Zap-a-Pain,5,3,15,5,4,8,141,18,40,24,103,66,32,326
504,Diane,Ausiello,Minnesota,Zap-a-Pain,4,2,16,1,5,0,41,60,99,1,83,83,28,284
505,Pier,Starten,Oklahoma,Zap-a-Pain,14,1,14,15,6,0,136,38,24,32,95,59,50,325
506,Lia,Gravenor,Virginia,Zap-a-Pain,14,16,18,4,10,4,33,130,75,9,175,10,62,422
507,Dee dee,Glede,New York,Zap-a-Pain,14,10,2,4,2,9,141,120,86,31,197,115,32,575
508,Venita,Hilling,District of Columbia,Zap-a-Pain,19,16,15,14,2,12,164,147,46,167,57,74,66,581
509,Angeli,Laver,Arizona,Zap-a-Pain,12,11,17,15,16,14,8,8,76,172,62,183,71,326
510,Laird,Mattiazzo,Washington,Zap-a-Pain,6,19,17,19,6,0,11,101,175,150,53,141,67,490
511,Katalin,Roskrug,Arkansas,Zap-a-Pain,19,6,20,6,11,3,43,102,31,179,84,83,62,439
512,Jody,Salzen,Mississippi,Zap-a-Pain,15,11,4,18,15,16,116,41,38,100,118,126,63,413
513,Ronda,Burridge,Iowa,Zap-a-Pain,0,0,13,5,8,6,81,128,64,100,171,102,26,544
514,Brit,Meo,Nevada,Zap-a-Pain,2,16,5,2,19,12,109,152,38,23,184,63,44,506
515,Gregory,Nibloe,Nevada,Zap-a-Pain,5,4,19,16,0,20,29,195,107,170,164,44,44,665
516,Barbabas,Obray,Colorado,Zap-a-Pain,20,1,4,10,9,13,93,42,79,110,81,101,44,405
517,Pauletta,Ickovits,Pennsylvania,Zap-a-Pain,5,17,11,19,1,2,108,42,134,38,125,72,53,447
518,Carita,Reolfi,South Carolina,Zap-a-Pain,4,11,4,0,9,11,133,122,188,108,79,13,28,630
519,Kacy,Greated,District of Columbia,Zap-a-Pain,5,4,11,19,17,8,87,41,132,64,76,9,56,400
520,Audrey,Shottin,Wisconsin,Zap-a-Pain,3,15,6,0,9,12,108,168,85,32,7,10,33,400
521,Ches,Klimus,Illinois,Zap-a-Pain,6,12,16,5,4,16,124,166,179,108,75,76,43,652
522,Suzann,Beneze,Massachusetts,Zap-a-Pain,16,4,15,16,1,12,133,158,88,13,125,117,52,517
523,Barnabe,Clougher,Texas,Zap-a-Pain,8,16,20,17,9,7,92,72,65,57,192,12,70,478
524,Saundra,Tadd,Texas,Zap-a-Pain,14,19,11,8,12,5,120,6,158,40,92,77,64,416
525,Ethelyn,Wolver,Texas,Zap-a-Pain,17,10,20,7,0,6,84,39,94,69,74,67,54,360
526,Sissy,Lynnett,Minnesota,Zap-a-Pain,8,19,5,16,20,19,126,87,106,73,59,136,68,451
527,Aguste,Lathbury,Pennsylvania,Zap-a-Pain,20,15,2,18,10,15,23,37,117,6,89,160,65,272
528,Shelley,Groomebridge,Colorado,Zap-a-Pain,16,16,5,4,17,9,191,42,103,104,109,4,58,549
529,Vivienne,Dubock,Washington,Zap-a-Pain,3,0,20,9,17,2,14,107,198,118,57,162,49,494
530,Andros,Merchant,Texas,Zap-a-Pain,10,19,11,11,8,4,137,164,45,185,171,163,59,702
531,Jeanna,Haack,California,Zap-a-Pain,15,5,15,14,0,6,149,69,75,197,73,77,49,563
532,Panchito,Jerrome,California,Zap-a-Pain,16,1,8,11,15,19,64,64,196,198,157,115,51,679
533,Cahra,Shippard,Texas,Zap-a-Pain,6,0,13,6,18,10,77,186,134,20,91,145,43,508
534,Tim,Quincey,Texas,Zap-a-Pain,16,12,6,11,11,4,160,174,112,119,14,52,56,579
535,Benni,Clericoates,Texas,Zap-a-Pain,20,11,13,14,7,15,39,111,198,117,177,12,65,642
536,Ericha,O' Faherty,Colorado,Zap-a-Pain,4,11,1,18,19,8,169,174,159,167,200,128,53,869
537,Gillie,Rivlin,Illinois,Zap-a-Pain,18,6,11,15,12,14,63,128,44,193,128,189,62,556
538,Jolynn,Kmiec,Georgia,Zap-a-Pain,11,12,16,6,0,13,20,16,69,18,186,180,45,309
539,Becki,Howford,California,Zap-a-Pain,0,10,8,4,18,8,170,180,28,32,187,104,40,597
540,Kaia,Truse,Massachusetts,Zap-a-Pain,14,11,2,8,10,15,126,169,142,144,145,57,45,726
541,Uri,Burrett,Iowa,Zap-a-Pain,8,1,8,9,13,12,3,179,11,173,190,148,39,556
542,Tamarra,Dahlborg,Florida,Zap-a-Pain,16,9,11,18,18,6,46,2,135,2,9,143,72,194
543,Edin,Monkton,Nebraska,Zap-a-Pain,20,17,10,16,10,17,165,200,167,191,79,159,73,802
544,Conney,Wynn,Texas,Zap-a-Pain,13,18,11,15,16,20,111,50,148,193,30,14,73,532
545,Abey,Torrisi,District of Columbia,Zap-a-Pain,4,18,11,10,1,10,64,9,39,40,53,4,44,205
546,Leah,Brashier,Utah,Zap-a-Pain,10,4,19,1,11,6,40,67,89,162,193,149,45,551
547,Revkah,Mattacks,Colorado,Zap-a-Pain,17,12,14,11,16,7,30,95,185,37,161,39,70,508
548,Stefa,Joron,Arizona,Zap-a-Pain,14,19,19,20,15,13,9,165,105,177,119,34,87,575
549,Yehudit,Vlasov,Colorado,Zap-a-Pain,13,3,13,17,5,6,164,6,91,165,169,0,51,595
550,Sal,Hastings,Illinois,Zap-a-Pain,19,16,19,15,11,11,196,6,195,200,81,17,80,678
551,Andrey,Louis,California,Zap-a-Pain,4,3,1,4,2,17,186,33,49,114,183,177,14,565
552,Tarrah,Cockley,Oklahoma,Zap-a-Pain,12,20,19,16,13,14,48,163,33,157,12,41,80,413
553,Charmane,Knighton,Pennsylvania,Zap-a-Pain,17,7,4,6,18,12,10,86,177,107,19,106,52,399
554,Sula,Whatsize,Hawaii,Zap-a-Pain,5,8,9,18,16,6,49,24,115,196,180,135,56,564
555,Laurie,McRory,Arkansas,Zap-a-Pain,20,13,9,19,0,6,49,192,68,9,181,200,61,499
556,Mattheus,Ratchford,Texas,Zap-a-Pain,15,7,9,19,11,8,138,21,100,146,2,190,61,407
557,Felice,Stobart,California,Zap-a-Pain,20,0,5,2,7,17,129,53,55,179,124,21,34,540
558,Dedie,Fike,Connecticut,Zap-a-Pain,15,10,19,0,19,1,192,97,187,36,114,59,63,626
559,Mercedes,Castledine,Virginia,Zap-a-Pain,5,18,11,6,4,16,27,105,175,36,73,76,44,416
560,Garrek,Agastina,Arizona,Zap-a-Pain,7,2,19,0,14,9,128,171,78,129,65,149,42,571
561,Gabi,De la Eglise,Colorado,Zap-a-Pain,10,8,11,5,12,5,69,124,181,77,108,180,46,559
562,Flossi,Bakewell,Pennsylvania,Zap-a-Pain,8,20,5,7,1,4,165,51,142,74,156,127,41,588
563,Heath,Lonsbrough,California,Zap-a-Pain,11,18,12,19,6,10,145,104,8,111,58,191,66,426
564,Karil,Kunisch,Massachusetts,Zap-a-Pain,5,6,4,4,10,19,109,59,84,103,155,41,29,510
565,Arron,Rentoll,Nebraska,Zap-a-Pain,11,4,14,7,8,20,10,115,95,65,190,76,44,475
566,Cassie,Breckwell,Mississippi,Zap-a-Pain,19,15,15,12,18,14,22,22,16,39,132,86,79,231
567,Austine,Sybe,California,Zap-a-Pain,1,8,1,8,1,11,78,142,109,88,70,106,19,487
568,Rhetta,Bristoe,Texas,Zap-a-Pain,0,1,13,5,17,7,119,96,73,81,137,112,36,506
569,Issy,Olufsen,New York,Zap-a-Pain,5,7,8,7,5,11,94,174,91,199,157,6,32,715
570,Freida,Elmhirst,Alaska,Zap-a-Pain,0,3,5,10,3,12,42,64,66,47,14,37,21,233
571,Odey,McChesney,Minnesota,Zap-a-Pain,17,6,17,9,3,14,139,188,70,132,191,92,52,720
572,Violette,Drinnan,Oklahoma,Zap-a-Pain,9,7,0,0,5,2,140,196,52,49,175,23,21,612
573,Joline,Gooda,California,Zap-a-Pain,2,16,11,10,15,3,16,198,55,134,51,199,54,454
574,Vanda,Brastead,Ohio,Zap-a-Pain,2,6,13,1,10,20,172,191,173,69,114,151,32,719
575,Hasheem,Cubbino,California,Zap-a-Pain,8,13,16,3,17,0,141,156,124,167,177,39,57,765
576,Kathie,Longshaw,Ohio,Zap-a-Pain,9,15,10,10,3,9,36,107,120,146,80,111,47,489
577,Winnah,Bridal,District of Columbia,Zap-a-Pain,14,4,12,19,18,17,124,31,134,129,159,139,67,577
578,Lona,Ferschke,District of Columbia,Zap-a-Pain,7,1,18,12,5,12,30,25,193,160,153,130,43,561
579,Lyndsie,Doale,Michigan,Zap-a-Pain,5,13,19,20,1,5,16,110,93,12,192,122,58,423
580,Isiahi,Dowd,Tennessee,Zap-a-Pain,6,4,8,0,0,1,125,46,162,175,64,7,18,572
581,Sherm,Selcraig,Connecticut,Zap-a-Pain,0,3,18,0,14,2,187,139,143,138,56,144,35,663
582,Meta,Laviste,Kansas,Zap-a-Pain,9,14,10,11,1,1,12,112,142,12,125,57,45,403
583,Gabriella,Bister,Michigan,Zap-a-Pain,14,20,6,8,13,4,163,185,160,19,64,74,61,591
584,Anthony,Lewerenz,Washington,Zap-a-Pain,16,7,19,15,10,18,21,131,190,56,36,0,67,434
585,Ferrell,Pendrid,Alabama,Zap-a-Pain,2,13,11,11,11,18,107,85,57,15,148,154,48,412
586,Ram,Dri,Missouri,Zap-a-Pain,18,4,20,8,7,7,187,21,175,21,71,9,57,475
587,Alan,Lambshine,Arizona,Zap-a-Pain,6,8,1,12,15,0,143,142,89,133,142,10,42,649
588,Ebony,Goford,Texas,Zap-a-Pain,14,1,6,4,16,16,22,51,122,105,143,0,41,443
589,Duky,Oakley,Oregon,Zap-a-Pain,13,2,9,5,9,13,44,134,116,77,147,192,38,518
590,Patti,Antoniak,Pennsylvania,Zap-a-Pain,7,10,13,14,0,16,42,79,121,199,50,135,44,491
591,Carling,Alloisi,Virginia,Zap-a-Pain,7,16,2,14,17,8,139,136,75,85,22,20,56,457
592,Grantley,Churchouse,Kansas,Zap-a-Pain,15,5,5,0,9,3,142,143,26,69,77,182,34,457
593,Alicia,Pyrah,Georgia,Zap-a-Pain,10,4,17,7,3,12,175,153,159,114,149,193,41,750
594,Mair,Mintoft,Missouri,Zap-a-Pain,13,8,2,8,14,16,90,130,114,41,122,172,45,497
595,Ericka,Swarbrick,Tennessee,Zap-a-Pain,9,6,0,6,17,14,78,198,33,200,145,198,38,654
596,Rem,Wain,District of Columbia,Zap-a-Pain,17,10,0,20,2,1,113,112,180,140,32,48,49,577
597,Stevy,Simionescu,Texas,Zap-a-Pain,7,2,15,2,12,8,96,158,177,46,56,152,38,533
598,Josias,Devenny,California,Zap-a-Pain,8,19,12,4,15,15,113,34,166,129,31,48,58,473
599,Donavon,Raye,Alaska,Zap-a-Pain,2,1,20,14,4,19,36,191,47,62,63,60,41,399
600,Molli,Menpes,Nevada,Zap-a-Pain,15,12,20,17,3,11,116,23,193,198,18,89,67,548
601,Lane,Bampkin,California,Zap-a-Pain,10,5,14,10,20,20,15,112,136,160,53,34,59,476
602,Alisa,Giottini,Arizona,Zap-a-Pain,11,17,2,6,18,13,69,45,116,67,105,171,54,402
603,Gordy,Waggitt,Delaware,Zap-a-Pain,8,16,14,2,9,12,136,96,94,31,83,193,49,440
604,Lombard,Hardi,Connecticut,Zap-a-Pain,0,9,17,12,12,7,164,174,63,128,47,125,50,576
605,Silvia,Peres,Nevada,Zap-a-Pain,2,13,10,0,20,12,178,38,105,92,50,129,45,463
606,Rivy,Paulillo,Oklahoma,Zap-a-Pain,6,6,8,2,0,16,156,2,140,153,149,183,22,600
607,Gusta,Alesin,Indiana,Zap-a-Pain,0,15,15,14,18,2,197,61,109,98,198,140,62,663
608,Darlene,Easun,Texas,Zap-a-Pain,2,12,19,9,15,20,27,199,187,85,153,16,57,651
609,Silvio,Riepel,Tennessee,Zap-a-Pain,11,14,11,4,5,2,32,185,56,107,159,187,45,539
610,Althea,Slobom,Missouri,Zap-a-Pain,16,14,15,20,10,3,59,73,67,82,29,46,75,310
611,Murdock,Polden,Texas,Zap-a-Pain,13,3,0,5,10,2,106,175,11,145,155,155,31,592
612,Granville,Lydford,North Carolina,Zap-a-Pain,15,19,3,17,5,0,63,35,142,154,132,43,59,526
613,Shurwood,Nanuccioi,Florida,Zap-a-Pain,11,14,11,4,18,13,78,128,122,32,2,161,58,362
614,Caz,Bloodworthe,North Carolina,Zap-a-Pain,9,9,19,18,4,0,110,159,182,20,143,166,59,614
615,Hermon,Raynor,Minnesota,Zap-a-Pain,4,7,19,4,4,1,45,6,46,162,139,88,38,398
616,Faydra,Campo,California,Zap-a-Pain,19,3,18,5,6,0,152,163,120,57,64,1,51,556
617,Paolina,Segoe,District of Columbia,Zap-a-Pain,16,9,0,20,4,13,33,47,108,85,107,163,49,380
618,Alisha,Gonsalvez,Ohio,Zap-a-Pain,17,5,9,19,20,1,7,45,53,200,4,171,70,309
619,Brandy,Gervaise,Pennsylvania,Zap-a-Pain,0,6,5,19,14,10,7,171,21,122,81,186,44,402
620,Bil,Perulli,Florida,Zap-a-Pain,11,3,10,6,4,8,166,86,119,191,130,128,34,692
621,Fredra,Ugolotti,Maryland,Zap-a-Pain,5,3,11,5,9,19,111,163,82,28,139,156,33,523
622,Worthington,Geoghegan,Indiana,Zap-a-Pain,18,14,9,10,18,7,59,34,10,163,191,168,69,457
623,Tremain,Solomon,North Carolina,Zap-a-Pain,14,16,1,20,13,20,200,194,13,137,63,138,64,607
624,Say,Calvey,Georgia,Zap-a-Pain,4,15,15,6,4,16,153,90,170,91,157,160,44,661
625,Tiertza,Wolvey,Michigan,Zap-a-Pain,8,10,6,7,4,17,127,0,8,37,97,131,35,269
626,Dewie,Rathjen,California,Zap-a-Pain,15,10,3,4,4,17,50,58,34,152,158,39,36,452
627,Con,Habershon,Missouri,Zap-a-Pain,17,0,2,20,17,20,22,158,176,82,152,90,56,590
628,Ignace,Morby,Georgia,Zap-a-Pain,20,20,17,11,9,17,51,84,32,159,38,174,77,364
629,Ozzie,Gaskal,New York,Zap-a-Pain,14,15,3,19,10,5,140,104,198,132,113,51,61,687
630,Elka,Tupper,Texas,Zap-a-Pain,16,15,6,20,10,15,123,34,41,45,180,191,67,423
631,Aggy,Richley,New York,Zap-a-Pain,13,8,6,1,5,16,74,29,169,164,12,131,33,448
632,Eugenius,Vanyatin,Florida,Zap-a-Pain,11,0,12,11,11,15,135,33,164,22,4,127,45,358
633,Barnie,Averill,South Dakota,Zap-a-Pain,18,19,0,19,4,13,27,141,178,175,5,145,60,526
634,Doreen,Birdall,California,Zap-a-Pain,13,13,16,2,15,14,65,65,74,65,37,108,59,306
635,Raffaello,Kennsley,Arkansas,Zap-a-Pain,7,0,9,1,20,19,38,65,192,176,128,146,37,599
636,Kat,Oxford,Missouri,Zap-a-Pain,13,13,18,16,17,3,37,183,182,183,130,122,77,715
637,Carolan,Greave,Ohio,Zap-a-Pain,14,4,1,0,20,20,54,37,63,149,53,166,39,356
638,Merle,Woolmington,California,Zap-a-Pain,7,16,14,2,14,3,140,200,119,192,17,13,53,668
639,Annmarie,McKinty,California,Zap-a-Pain,9,12,20,19,17,2,56,24,193,48,74,1,77,395
640,Broddy,Robun,District of Columbia,Zap-a-Pain,10,0,6,18,7,0,1,5,100,101,13,4,41,220
641,Hazel,Neesam,Kentucky,Zap-a-Pain,6,16,18,9,10,16,29,98,2,33,130,65,59,292
642,Renelle,Galfour,Texas,Zap-a-Pain,0,15,13,11,11,14,20,169,179,78,188,161,50,634
643,Randolf,Fenemore,Florida,Zap-a-Pain,14,18,5,7,13,11,79,13,177,17,27,98,57,313
644,Neill,Fulks,Texas,Zap-a-Pain,2,6,11,0,7,20,141,26,171,140,82,73,26,560
645,Korella,Whitten,Missouri,Zap-a-Pain,8,3,17,6,8,20,7,178,23,91,196,123,42,495
646,Lorrin,Battlestone,Louisiana,Zap-a-Pain,3,6,6,10,20,16,120,170,111,15,189,27,45,605
647,Gwenny,Viner,Florida,Zap-a-Pain,0,19,15,20,3,15,115,176,200,80,81,178,57,652
648,Ruby,Rasmus,Texas,Zap-a-Pain,2,1,17,4,9,17,27,100,67,193,184,178,33,571
649,Donia,Henworth,Pennsylvania,Zap-a-Pain,9,3,18,14,1,10,56,31,104,69,178,167,45,438
650,Lucita,Bazelle,California,Zap-a-Pain,1,0,12,11,1,1,86,76,7,195,138,101,25,502
651,Nico,Stirman,Florida,Zap-a-Pain,10,14,7,15,0,1,173,136,111,2,166,159,46,588
652,Kirbee,Shadrach,Louisiana,Zap-a-Pain,0,15,2,11,4,15,5,138,158,123,167,139,32,591
653,Fiann,Bockman,Florida,Zap-a-Pain,13,18,1,4,10,14,174,84,104,60,167,198,46,589
654,Kath,Jesteco,California,Zap-a-Pain,0,14,7,17,4,0,130,169,113,157,152,146,42,721
655,Alexandrina,Biesty,Pennsylvania,Zap-a-Pain,19,11,7,5,8,20,3,136,133,199,198,54,50,669
656,Nerita,Petrolli,Missouri,Zap-a-Pain,14,17,8,15,5,1,36,112,142,30,108,72,59,428
657,Spense,Scudamore,Tennessee,Zap-a-Pain,0,6,17,7,13,17,119,16,189,131,197,85,43,652
658,Jeri,Sowood,Massachusetts,Zap-a-Pain,10,5,19,10,7,15,33,58,22,118,152,88,51,383
659,Wiatt,Goodding,New York,Zap-a-Pain,19,13,17,14,16,15,191,142,67,71,134,20,79,605
660,Starla,Baldetti,Nebraska,Zap-a-Pain,8,19,5,7,9,9,158,176,60,182,152,10,48,728
661,Chickie,Livings,Utah,Zap-a-Pain,18,0,7,1,17,14,68,8,141,128,173,160,43,518
662,Vinita,Itzhayek,New York,Zap-a-Pain,19,2,17,13,1,18,150,187,136,84,47,18,52,604
663,Zedekiah,Soulsby,Florida,Zap-a-Pain,17,17,11,6,16,16,100,144,105,26,121,171,67,496
664,Jilli,Macrow,Virginia,Zap-a-Pain,14,5,11,12,11,8,170,174,172,65,169,143,53,750
665,Kristine,Garett,Florida,Zap-a-Pain,1,3,3,4,16,8,10,28,192,158,21,23,27,409
666,Quintina,Bleacher,Nevada,Zap-a-Pain,5,8,3,15,19,8,159,140,17,119,67,44,50,502
667,Wally,Noteyoung,Tennessee,Zap-a-Pain,9,15,14,6,19,16,62,115,65,179,41,135,63,462
668,Andrew,Kepe,California,Zap-a-Pain,3,9,15,18,16,8,38,174,15,4,108,35,61,339
669,Simone,Gronw,Tennessee,Zap-a-Pain,11,18,13,10,20,0,161,130,58,83,39,16,72,471
670,Riannon,Bastick,South Dakota,Zap-a-Pain,10,17,16,20,16,15,169,105,67,107,45,97,79,493
671,Tiertza,Delyth,Michigan,Zap-a-Pain,9,14,14,14,3,6,77,77,25,22,82,39,54,283
672,Sheridan,Blick,Texas,Zap-a-Pain,12,4,12,7,11,2,57,107,45,70,109,161,46,388
673,Ediva,Pudsall,Illinois,Zap-a-Pain,15,1,1,17,3,8,152,160,26,70,31,26,37,439
674,Jacqui,Mayston,Ohio,Zap-a-Pain,9,17,3,0,11,12,111,82,166,152,155,153,40,666
675,Barbabas,Greir,Pennsylvania,Zap-a-Pain,0,4,20,19,8,20,157,0,186,55,74,13,51,472
676,Berk,Lounds,Missouri,Zap-a-Pain,5,18,3,16,0,7,134,150,189,138,132,167,42,743
677,Catlin,McGauhy,California,Zap-a-Pain,16,7,3,20,20,20,19,73,164,102,79,58,66,437
678,Lauren,Spolton,Ohio,Zap-a-Pain,5,5,1,18,7,2,161,10,70,146,46,132,36,433
679,Muhammad,Abbots,California,Zap-a-Pain,5,1,15,12,14,1,96,131,198,64,57,65,47,546
680,Skyler,Crofthwaite,California,Zap-a-Pain,17,15,5,2,11,13,76,38,129,21,103,164,50,367
681,Dun,Spain,Pennsylvania,Zap-a-Pain,12,18,17,0,1,8,176,27,151,134,44,179,48,532
682,Dayna,Tomsu,New York,Zap-a-Pain,10,7,6,18,7,13,11,92,37,164,50,7,48,354
683,Abby,Dinwoodie,California,Zap-a-Pain,14,19,13,6,18,11,141,131,170,168,177,37,70,787
684,Theodore,Reiglar,Delaware,Zap-a-Pain,8,2,14,19,20,3,41,60,146,103,156,144,63,506
685,Jonathan,Eddowes,Missouri,Zap-a-Pain,2,16,8,10,12,14,152,121,21,83,90,77,48,467
686,Billi,Parlott,Kansas,Zap-a-Pain,19,20,15,13,18,7,110,134,112,91,194,40,85,641
687,Loni,Dominici,California,Zap-a-Pain,17,3,14,3,9,18,196,34,17,197,174,62,46,618
688,Gerek,Ladds,Florida,Zap-a-Pain,3,1,17,14,13,7,144,12,28,71,199,23,48,454
689,Melvin,Dumelow,Virginia,Zap-a-Pain,4,18,13,20,20,10,189,83,168,137,189,57,75,766
690,Sabina,Rubinovitsch,New York,Zap-a-Pain,4,1,15,20,12,19,13,66,74,23,82,55,52,258
691,Gamaliel,Jehu,Colorado,Zap-a-Pain,15,12,0,14,10,19,88,99,45,98,29,184,51,359
692,Julianna,Libero,Connecticut,Zap-a-Pain,14,12,9,5,13,6,139,74,178,115,61,27,53,567
693,Rafaela,Warfield,Alabama,Zap-a-Pain,20,1,19,4,5,18,116,168,183,170,72,27,49,709
694,Callean,Rennels,Washington,Zap-a-Pain,12,3,17,16,0,2,78,142,68,65,110,50,48,463
695,Petronille,Walding,Pennsylvania,Zap-a-Pain,18,15,3,6,7,3,3,72,121,164,5,65,49,365
696,Shanon,Le Grand,District of Columbia,Zap-a-Pain,10,4,14,10,19,0,183,136,70,7,177,182,57,573
697,Mehetabel,Dugue,Washington,Zap-a-Pain,10,9,9,17,20,11,193,166,9,43,113,31,65,524
698,Etta,Pfeffer,Florida,Zap-a-Pain,12,8,13,2,11,20,146,81,63,180,9,88,46,479
699,Perl,Lydon,Florida,Zap-a-Pain,13,17,9,17,7,16,115,130,131,70,100,173,63,546
700,Prent,Hulson,California,Nasalclear,17,10,1,19,4,10,81,64,198,133,117,116,51,593
701,Averil,Rixon,Ohio,Nasalclear,11,20,5,2,7,4,116,50,0,187,48,69,45,401
702,Price,Ramsted,Texas,Nasalclear,10,13,0,16,5,5,44,159,79,48,14,178,44,344
703,Talyah,Topley,Illinois,Nasalclear,13,17,1,7,14,14,93,118,61,56,42,94,52,370
704,Camey,Holdforth,Florida,Nasalclear,10,5,17,13,15,14,192,23,109,2,50,198,60,376
705,Robbyn,Dalloway,Indiana,Nasalclear,11,13,10,1,19,0,103,121,146,89,118,30,54,577
706,Yulma,Hawtrey,Ohio,Nasalclear,0,7,12,14,14,19,45,62,38,174,52,197,47,371
707,Kaja,Rosindill,New York,Nasalclear,1,8,15,7,10,6,157,84,47,45,167,131,41,500
708,Milty,Basillon,Texas,Nasalclear,9,17,17,3,0,4,5,70,178,139,194,156,46,586
709,Berton,Otson,California,Nasalclear,3,11,1,1,16,5,163,33,60,170,114,163,32,540
710,Sunny,MacGillespie,Mississippi,Nasalclear,0,19,11,20,3,19,185,159,113,90,141,153,53,688
711,Ramsey,Flatte,West Virginia,Nasalclear,3,15,7,8,13,1,51,114,107,75,189,129,46,536
712,Lorrie,Dutnell,District of Columbia,Nasalclear,0,6,1,0,2,16,159,93,95,139,86,133,9,572
713,Dion,Portinari,Connecticut,Nasalclear,5,19,20,12,5,17,97,148,175,176,193,32,61,789
714,Camala,Yurkin,New York,Nasalclear,17,12,3,9,17,11,139,2,41,91,30,146,58,303
715,Morley,Pickin,Illinois,Nasalclear,13,17,4,14,3,0,124,126,51,7,19,72,51,327
716,Jonas,Shooter,Kansas,Nasalclear,5,5,6,17,16,13,155,153,126,178,15,16,49,627
717,Mort,Rumble,North Carolina,Nasalclear,12,15,13,11,4,15,45,156,6,45,110,91,55,362
718,Pepita,Guyan,Texas,Nasalclear,18,4,9,7,7,8,171,133,185,14,48,47,45,551
719,Markos,Ecclesall,Kentucky,Nasalclear,2,6,15,17,5,14,89,195,123,62,199,97,45,668
720,Frasier,Growden,Texas,Nasalclear,8,20,6,2,15,0,166,190,115,121,40,125,51,632
721,Melvin,Tidder,South Dakota,Nasalclear,8,15,3,10,3,13,141,149,188,194,121,36,39,793
722,Pattin,Eric,Kentucky,Nasalclear,14,2,15,19,2,2,13,176,42,194,196,182,52,621
723,Viola,Whitcher,Florida,Nasalclear,6,10,9,12,19,9,149,52,143,76,123,91,56,543
724,Samaria,Halburton,New York,Nasalclear,15,10,0,0,15,19,50,184,126,142,180,163,40,682
725,Lucia,Posse,Missouri,Nasalclear,18,17,14,15,7,11,35,73,62,131,62,160,71,363
726,Aarika,Du Hamel,Connecticut,Nasalclear,12,2,5,4,18,17,117,181,131,36,43,198,41,508
727,Allen,Barde,California,Nasalclear,13,12,13,0,15,12,133,112,81,138,197,54,53,661
728,Arlina,Shanks,District of Columbia,Nasalclear,18,20,4,17,20,10,73,153,36,149,11,50,79,422
729,Basilio,Goodwyn,California,Nasalclear,19,3,1,17,6,7,180,158,159,54,118,188,46,669
730,Sherill,Flawith,North Carolina,Nasalclear,20,18,16,5,5,20,171,14,52,166,65,46,64,468
731,Dona,Pitrasso,Delaware,Nasalclear,3,10,5,14,2,8,79,53,111,189,23,138,34,455
732,Amelia,Chattoe,Florida,Nasalclear,17,6,17,9,7,10,185,192,28,172,159,7,56,736
733,Adah,Monckton,Louisiana,Nasalclear,14,7,0,9,4,2,31,178,113,96,137,87,34,555
734,Jana,Linklater,Maryland,Nasalclear,8,13,1,2,7,17,189,9,34,179,177,79,31,588
735,Mayne,Saffer,New York,Nasalclear,18,14,18,14,5,20,74,155,33,114,66,103,69,442
736,Wallas,Parnall,Texas,Nasalclear,17,14,14,5,12,11,141,160,165,66,106,67,62,638
737,Merwin,Brisco,Florida,Nasalclear,4,1,20,9,14,9,8,155,30,106,68,195,48,367
738,Neddie,Venmore,Colorado,Nasalclear,8,16,19,9,8,1,150,195,95,180,195,112,60,815
739,Ulric,Tayler,Oklahoma,Nasalclear,6,11,0,13,7,20,15,190,2,158,31,200,37,396
740,Carrie,Yukhnov,Connecticut,Nasalclear,14,0,5,7,11,4,88,2,34,39,46,140,37,209
741,Benjy,MacAndreis,Texas,Nasalclear,14,19,15,9,14,20,80,22,185,155,159,115,71,601
742,Gracie,Knappen,Iowa,Nasalclear,8,13,17,15,14,4,65,69,90,31,37,83,67,292
743,Liliane,Tweddell,Connecticut,Nasalclear,18,4,16,10,4,16,159,187,9,88,172,1,52,615
744,Vita,Stuckley,Nevada,Nasalclear,14,16,17,12,6,18,111,40,181,12,152,199,65,496
745,Culver,Loggie,Pennsylvania,Nasalclear,12,10,8,11,20,17,199,15,54,33,10,117,61,311
746,Upton,Ballsdon,Texas,Nasalclear,11,18,8,10,0,4,25,175,152,165,13,121,47,530
747,Jessalin,Yewen,Arkansas,Nasalclear,12,14,6,8,7,5,167,121,183,127,36,22,47,634
748,Bettina,Wittleton,Arizona,Nasalclear,19,14,13,12,19,10,106,169,24,150,21,30,77,470
749,Pablo,Sambells,California,Nasalclear,4,2,19,16,14,10,198,101,133,39,78,100,55,549
750,Marlow,Wyson,District of Columbia,Nasalclear,16,6,0,1,20,2,79,146,55,87,104,97,43,471
751,Griffy,Plomer,Pennsylvania,Nasalclear,10,5,5,19,9,0,87,155,145,199,52,14,48,638
752,Wandis,Bulcroft,South Dakota,Nasalclear,20,5,14,17,8,8,177,3,154,187,48,89,64,569
753,Kirby,Sachno,Kansas,Nasalclear,5,6,9,2,8,7,79,184,64,127,73,55,30,527
754,Davidson,Galbreth,North Carolina,Nasalclear,18,0,5,10,4,19,190,160,156,165,187,27,37,858
755,Magdalen,Delea,Kansas,Nasalclear,5,6,2,20,16,2,164,48,85,178,113,84,49,588
756,Towney,Elfitt,New York,Nasalclear,19,5,12,18,4,20,180,141,8,51,191,148,58,571
757,Anatole,Bennoe,Virginia,Nasalclear,9,0,10,4,11,18,199,133,47,120,61,176,34,560
758,Karim,Thoresby,New Jersey,Nasalclear,20,6,13,1,7,15,15,78,149,0,92,139,47,334
759,Elna,Jina,Kansas,Nasalclear,4,15,7,17,18,7,142,167,105,4,150,132,61,568
760,Devina,Mollon,Connecticut,Nasalclear,3,14,11,18,16,2,58,184,11,119,90,49,62,462
761,Anetta,Lindman,Mississippi,Nasalclear,10,4,2,17,1,16,11,192,105,133,28,25,34,469
762,Barnabas,Crawshay,New York,Nasalclear,14,6,4,2,2,9,81,66,12,196,32,166,28,387
763,Abbi,Haldin,Alabama,Nasalclear,13,19,15,9,0,10,187,121,85,160,64,148,56,617
764,Bobette,Lowres,Virginia,Nasalclear,6,0,12,20,10,2,1,112,87,31,124,118,48,355
765,Shaine,Vasic,New York,Nasalclear,20,14,19,17,9,3,189,170,55,80,140,75,79,634
766,Charline,Boldecke,Florida,Nasalclear,8,14,17,20,14,0,15,66,43,126,60,104,73,310
767,Andreana,Hebbron,California,Nasalclear,10,11,17,2,12,8,103,79,168,18,131,46,52,499
768,Brade,Coad,Texas,Nasalclear,3,16,10,19,6,0,61,192,167,67,60,44,54,547
769,Noach,Durnan,Ohio,Nasalclear,11,9,13,6,6,20,29,5,36,161,132,19,45,363
770,Carol,Hanratty,Colorado,Nasalclear,13,5,1,0,12,16,131,158,156,62,64,116,31,571
771,Haroun,Tchir,District of Columbia,Nasalclear,12,15,7,12,4,0,84,158,179,106,138,55,50,665
772,Meir,Hailston,Florida,Nasalclear,12,18,0,15,14,10,14,18,171,118,169,145,59,490
773,Sherye,Chisnell,Texas,Nasalclear,4,20,13,15,1,4,200,175,54,173,109,74,53,711
774,Herby,Kempstone,Nevada,Nasalclear,1,4,13,16,19,1,50,86,149,4,161,2,53,450
775,Roseanna,Snel,Virginia,Nasalclear,6,1,9,7,1,0,140,97,83,73,64,51,24,457
776,Shermy,Tarbath,North Carolina,Nasalclear,18,15,10,4,19,11,157,37,105,120,146,23,66,565
777,Antony,Snoddy,Virginia,Nasalclear,12,16,13,2,17,14,47,27,54,95,115,146,60,338
778,Forester,Rubes,Florida,Nasalclear,4,12,4,6,20,19,83,173,53,152,56,37,46,517
779,Laura,Hunnicutt,Florida,Nasalclear,5,6,10,1,7,11,181,0,4,185,143,143,29,513
780,Feliks,Basden,Michigan,Nasalclear,11,4,13,10,17,18,188,1,139,134,107,174,55,569
781,Malvin,Baudinelli,Massachusetts,Nasalclear,4,18,3,6,1,2,192,55,179,107,131,185,32,664
782,Katrinka,Baine,North Carolina,Nasalclear,5,14,11,10,19,2,23,81,43,116,167,128,59,430
783,Rufe,Hoble,Arkansas,Nasalclear,4,11,11,19,2,7,153,3,85,158,180,59,47,579
784,Augustin,Delnevo,New York,Nasalclear,13,9,20,17,3,8,154,86,23,181,174,61,62,618
785,Doyle,Perford,Georgia,Nasalclear,18,4,12,4,15,3,89,90,4,10,122,36,53,315
786,Holly-anne,De Dantesie,Florida,Nasalclear,12,8,12,16,13,12,67,51,73,11,119,162,61,321
787,Hanan,Springthorpe,California,Nasalclear,13,4,4,18,7,5,192,61,31,120,54,190,46,458
788,Bethany,Derye-Barrett,District of Columbia,Nasalclear,5,11,1,20,18,7,134,197,84,50,17,166,55,482
789,Madalyn,Bellay,Ohio,Nasalclear,9,8,6,1,1,3,165,173,115,114,171,169,25,738
790,Eldridge,Haysham,Louisiana,Nasalclear,11,10,16,15,4,16,63,106,65,117,194,193,56,545
791,Jeffy,Kenealy,California,Nasalclear,13,15,4,3,3,10,195,60,14,112,181,4,38,562
792,Neill,Honnan,District of Columbia,Nasalclear,4,14,12,5,15,8,193,72,192,32,47,83,50,536
793,Bellina,Garred,Texas,Nasalclear,8,3,5,14,1,9,192,54,49,54,94,172,31,443
794,Morna,Farlam,California,Nasalclear,15,3,6,6,16,17,99,199,8,151,103,49,46,560
795,Courtnay,Ownsworth,New York,Nasalclear,10,9,19,14,1,5,91,62,177,166,163,23,53,659
796,Monroe,Okenden,Florida,Nasalclear,13,10,10,11,0,18,38,148,123,163,188,171,44,660
797,Noni,Knight,Louisiana,Nasalclear,20,13,2,4,10,12,190,181,95,17,162,99,49,645
798,Nicoli,Florentine,Iowa,Nasalclear,4,17,16,8,4,16,170,77,116,163,56,180,49,582
799,Jarrid,Drowsfield,California,Nasalclear,6,5,12,19,14,5,20,9,164,40,31,172,56,264
800,Del,Batrip,California,Nasalclear,11,1,14,8,6,14,22,136,167,36,188,97,40,549
801,Dario,Starte,Georgia,Nasalclear,18,3,20,6,9,8,197,87,50,32,116,5,56,482
802,Caprice,Seefeldt,Nebraska,Nasalclear,11,8,15,0,9,20,156,145,144,28,181,194,43,654
803,Claudia,de Leon,Arizona,Nasalclear,20,19,18,17,17,19,41,10,82,66,37,81,91,236
804,Robinette,Breakwell,Illinois,Nasalclear,11,11,8,10,12,15,55,159,157,84,177,92,52,632
805,Steffen,Cruickshanks,California,Nasalclear,1,15,19,17,10,11,47,198,83,133,156,98,62,617
806,Creigh,Dacombe,District of Columbia,Nasalclear,8,13,6,4,20,1,49,117,19,116,13,162,51,314
807,Jonas,Estick,Virginia,Nasalclear,17,4,14,1,2,19,189,174,125,127,168,74,38,783
808,Vladamir,Odger,Virginia,Nasalclear,14,19,7,14,17,18,143,111,73,119,134,101,71,580
809,Syman,Farquar,Indiana,Nasalclear,17,0,0,15,3,2,120,112,86,34,129,94,35,481
810,Shelly,Scurrah,Maryland,Nasalclear,9,16,11,15,17,20,22,166,54,38,136,169,68,416
811,Caleb,Del Dello,Texas,Nasalclear,4,19,4,15,12,9,59,177,121,30,9,87,54,396
812,Jonathon,Eve,New York,Nasalclear,12,3,1,4,11,5,184,4,24,90,108,65,31,410
813,Coletta,Pryor,Hawaii,Nasalclear,3,19,8,12,13,17,66,8,38,54,182,30,55,348
814,Olympie,Sarre,New York,Nasalclear,20,16,2,16,16,1,68,11,148,26,92,67,70,345
815,Cortney,O'Rudden,California,Nasalclear,1,13,3,2,14,12,55,41,44,178,50,50,33,368
816,Mickey,Luberti,Pennsylvania,Nasalclear,4,20,10,17,5,18,59,54,176,51,97,144,56,437
817,Berkley,Kilban,Texas,Nasalclear,15,1,19,5,17,2,78,121,10,145,74,73,57,428
818,Hadleigh,Oram,Alabama,Nasalclear,9,18,15,18,8,15,68,110,67,167,45,132,68,457
819,Mariya,Cholwell,Arizona,Nasalclear,18,12,2,18,0,11,60,82,53,155,89,65,50,439
820,Mandel,Dare,Texas,Nasalclear,5,20,19,11,16,14,81,195,3,104,83,12,71,466
821,Erika,Mabe,Oklahoma,Nasalclear,14,5,12,14,19,18,195,137,109,145,181,130,64,767
822,Essie,Dumbreck,Nevada,Nasalclear,8,12,15,6,11,10,194,196,90,69,104,190,52,653
823,Johnna,Franzke,Georgia,Nasalclear,20,15,19,10,5,14,154,76,121,147,188,134,69,686
824,Ardelia,Weinmann,Wisconsin,Nasalclear,9,1,16,9,5,8,118,30,68,180,154,106,40,550
825,Humfrid,McGarel,Indiana,Nasalclear,11,6,7,1,2,18,80,87,48,24,163,0,27,402
826,Elwira,Allitt,Ohio,Nasalclear,12,5,0,10,6,11,79,94,2,26,183,125,33,384
827,Evelin,Veljes,California,Nasalclear,11,20,6,10,5,10,168,20,165,63,130,49,52,546
828,Kendell,Gerholz,Virginia,Nasalclear,14,6,10,7,9,13,150,72,61,60,197,167,46,540
829,Meier,Bullimore,Illinois,Nasalclear,13,12,18,5,3,14,118,89,181,4,132,196,51,524
830,Kiel,Fishlee,District of Columbia,Nasalclear,1,5,11,16,4,15,8,28,97,156,18,7,37,307
831,Elinor,Graeme,Louisiana,Nasalclear,9,9,1,14,5,18,0,6,40,102,82,192,38,230
832,Aubree,Keeney,Michigan,Nasalclear,0,7,16,14,3,14,59,114,200,16,192,77,40,581
833,Lockwood,Salway,Florida,Nasalclear,3,0,17,19,4,13,15,85,11,119,61,7,43,291
834,Mill,Kilalea,California,Nasalclear,14,19,8,8,20,1,164,51,33,136,132,41,69,516
835,Madge,Denk,New York,Nova-itch,6,14,7,1,1,14,37,133,102,59,142,106,29,473
836,Garek,Cissen,Florida,Nova-itch,14,14,11,12,7,13,89,82,118,88,87,199,58,464
837,Trudi,O'Doherty,Illinois,Nova-itch,8,9,18,9,12,11,0,132,10,124,70,169,56,336
838,Pancho,Leask,Pennsylvania,Nova-itch,4,12,8,3,14,16,154,162,123,23,191,174,41,653
839,Stephana,Kestin,Virginia,Nova-itch,19,1,4,10,11,4,89,165,53,148,73,10,45,528
840,Robina,Harrold,Tennessee,Nova-itch,9,18,20,15,9,4,183,103,197,186,117,13,71,786
841,Lorianne,Maffione,Texas,Nova-itch,5,3,2,13,16,20,7,77,51,119,9,117,39,263
842,Milton,Bryning,Arizona,Nova-itch,19,8,0,14,1,9,145,113,171,181,67,143,42,677
843,Sheffie,Persey,California,Nova-itch,13,6,16,17,1,5,173,9,105,7,192,119,53,486
844,Sibley,Attree,Missouri,Nova-itch,10,8,1,20,4,1,148,87,185,125,65,156,43,610
845,Farrel,Ault,Kansas,Nova-itch,4,16,3,10,1,19,108,138,97,59,82,75,34,484
846,Alexandra,Gantzer,Oklahoma,Nova-itch,17,19,18,9,3,4,182,59,59,150,199,83,66,649
847,Darb,Dyde,Florida,Nova-itch,11,17,2,11,16,2,154,87,193,5,194,6,57,633
848,Becky,Gendrich,Florida,Nova-itch,20,13,8,20,9,15,28,123,89,164,62,171,70,466
849,Nanete,Reedyhough,Arizona,Nova-itch,3,4,19,9,5,3,51,36,98,55,80,189,40,320
850,Jaclin,Gjerde,Washington,Nova-itch,4,10,1,1,3,3,40,37,82,149,134,192,19,442
851,Malena,Wooddisse,North Carolina,Nova-itch,1,11,10,14,5,13,192,17,47,181,152,14,41,589
852,Caz,Nickols,Florida,Nova-itch,14,0,6,15,9,17,106,76,87,4,12,54,44,285
853,Malcolm,Rabb,Texas,Nova-itch,6,6,16,4,8,14,5,47,171,147,84,135,40,454
854,Arlin,Olfert,Colorado,Nova-itch,16,1,12,3,18,1,73,120,161,1,186,29,50,541
855,Yoshiko,Carnegy,Washington,Nova-itch,19,13,14,17,10,8,155,76,89,136,27,116,73,483
856,Sargent,Sepey,Nevada,Nova-itch,9,8,20,8,20,14,112,86,117,37,132,189,65,484
857,Priscilla,Bantock,Arizona,Nova-itch,6,11,10,7,4,7,107,51,108,133,89,132,38,488
858,Anabel,Adam,California,Nova-itch,10,4,20,8,3,6,76,34,188,144,7,36,45,449
859,Jesse,Petters,California,Nova-itch,7,9,18,16,4,15,70,13,190,183,107,136,54,563
860,Montgomery,Warnock,Virginia,Nova-itch,8,9,15,7,13,3,47,99,65,52,42,101,52,305
861,Jarad,Fayne,Florida,Nova-itch,6,3,7,18,12,17,18,184,147,178,34,20,46,561
862,Josefa,Ilott,Texas,Nova-itch,2,2,10,15,1,17,153,58,119,28,170,130,30,528
863,Colly,Treslove,District of Columbia,Nova-itch,3,3,9,7,11,11,132,128,106,153,131,25,33,650
864,Dael,De Ferraris,California,Nova-itch,3,18,0,5,12,2,195,159,67,105,123,181,38,649
865,Chrisse,Crux,Georgia,Nova-itch,1,1,8,18,6,7,120,194,35,150,9,33,34,508
866,Mathilde,Earl,Michigan,Nova-itch,11,9,9,1,6,0,172,20,32,87,111,187,36,422
867,Lucia,Wright,Florida,Nova-itch,12,19,15,11,20,7,167,77,23,188,189,93,77,644
868,Jeri,Swatman,Maryland,Nova-itch,6,17,13,20,0,0,139,149,84,81,137,189,56,590
869,Laney,Bertome,District of Columbia,Nova-itch,16,13,7,2,20,17,117,170,106,14,189,50,58,596
870,Raddy,Newband,Minnesota,Nova-itch,20,17,17,1,15,17,121,110,34,58,14,197,70,337
871,Hubert,Castri,Kansas,Nova-itch,19,8,0,1,7,17,158,138,106,37,74,9,35,513
872,Celka,Blamires,Texas,Nova-itch,19,11,14,19,2,2,7,24,177,53,22,15,65,283
873,Cleon,Adair,Missouri,Nova-itch,10,3,12,5,14,15,174,76,162,195,67,8,44,674
874,Corenda,Lalor,South Carolina,Nova-itch,6,5,5,0,4,3,81,49,175,43,70,154,20,418
875,Merle,Stovold,Oklahoma,Nova-itch,16,19,2,4,11,2,52,54,136,67,2,44,52,311
876,Dougie,Rays,California,Nova-itch,1,15,7,2,13,18,10,65,117,187,35,27,38,414
877,Redford,Lissandre,Illinois,Nova-itch,9,19,17,19,20,4,0,78,134,119,85,156,84,416
878,Alikee,Huck,Texas,Nova-itch,10,8,3,7,19,16,77,155,124,184,99,91,47,639
879,Alys,Sandon,Missouri,Nova-itch,1,16,19,8,10,6,34,89,45,138,167,115,54,473
880,Cherish,Free,Texas,Nova-itch,14,4,14,18,19,14,127,80,93,163,40,31,69,503
881,Tilda,MacTavish,Illinois,Nova-itch,14,8,18,20,12,5,183,12,73,168,100,102,72,536
882,Kirby,Aspole,Virginia,Nova-itch,19,14,1,5,15,19,173,53,170,104,143,26,54,643
883,Federica,Wasling,Connecticut,Nova-itch,0,17,2,14,3,11,25,100,24,102,173,62,36,424
884,Mitzi,Gilhooly,Louisiana,Nova-itch,5,17,9,0,2,12,8,2,199,1,186,154,33,396
885,Niko,Denness,New York,Nova-itch,9,14,20,9,11,20,22,120,155,115,131,51,63,543
886,Aleda,Ferrandez,Louisiana,Nova-itch,15,2,18,14,6,16,93,16,16,186,151,109,55,462
887,Benoit,Ventris,Ohio,Nova-itch,9,16,1,7,7,17,1,136,40,29,171,145,40,377
888,Berny,Dymidowski,Connecticut,Nova-itch,12,15,20,17,19,18,191,19,156,75,13,28,83,454
889,Jeremiah,Thomesson,Ohio,Nova-itch,4,7,0,8,7,0,26,116,103,175,80,160,26,500
890,Nickolai,Reglar,California,Nova-itch,10,17,7,11,4,2,54,97,173,32,110,100,49,466
891,Amaleta,Naulty,Florida,Nova-itch,20,9,16,14,14,4,179,61,24,174,98,95,73,536
892,Hermione,Quest,Iowa,Nova-itch,18,15,8,12,11,11,109,23,167,3,150,114,64,452
893,Lewiss,Kellock,New York,Nova-itch,9,5,0,8,9,4,140,150,26,169,63,13,31,548
894,Shantee,Kaming,Ohio,Nova-itch,9,7,20,12,10,12,184,121,37,174,38,122,58,554
895,Alfonse,Spaxman,Ohio,Nova-itch,2,8,13,17,1,11,143,78,199,115,119,156,41,654
896,Cody,Falla,Arizona,Nova-itch,9,18,2,13,1,15,112,129,69,106,97,141,43,513
897,Waite,Spalding,Nevada,Nova-itch,1,11,8,14,14,14,48,95,190,160,2,22,48,495
898,Jean,Figge,Texas,Nova-itch,4,19,17,7,18,10,165,56,126,15,62,33,65,424
899,Amity,Swansbury,Oklahoma,Nova-itch,6,11,10,14,9,5,97,31,49,166,138,3,50,481
900,Hettie,Kelwaybamber,Oklahoma,Nova-itch,13,18,9,9,17,20,64,183,90,38,92,19,66,467
901,Rosaline,Hulse,California,Nova-itch,0,17,16,5,9,15,14,111,153,109,139,125,47,526
902,Albie,Gauthorpp,Colorado,Nova-itch,17,5,0,12,9,4,94,189,89,129,90,49,43,591
903,Natalee,Whetton,Texas,Nova-itch,6,11,10,0,11,8,58,129,31,157,176,136,38,551
904,Damian,McAlindon,Iowa,Nova-itch,9,14,10,8,5,2,131,133,122,154,156,140,46,696
905,Rozina,Woodgate,Florida,Nova-itch,6,1,6,7,16,10,108,99,140,125,37,193,36,509
906,Witty,Stener,Texas,Nova-itch,0,11,9,0,15,2,17,71,53,19,131,111,35,291
907,Gwenora,Fearenside,California,Nova-itch,19,15,6,1,15,12,76,156,121,110,148,114,56,611
908,Sunny,Scotfurth,New York,Nova-itch,12,19,7,8,4,3,40,26,195,2,91,7,50,354
909,Betty,Seeler,Alabama,Nova-itch,2,12,11,13,4,1,128,75,7,181,196,91,42,587
910,Aryn,Kimberly,Washington,Nova-itch,8,5,18,7,19,11,86,127,67,100,42,175,57,422
911,Brinn,Petroselli,New York,Nova-itch,1,4,11,2,13,15,14,182,143,125,80,42,31,544
912,Deena,Zumbusch,Maryland,Nova-itch,8,11,1,10,2,5,93,189,194,177,125,101,32,778
913,Oliy,Laban,Louisiana,Nova-itch,13,12,0,20,10,5,78,8,162,151,166,13,55,565
914,Lynn,Tembridge,Michigan,Nova-itch,1,16,10,10,14,12,167,139,42,109,174,144,51,631
915,Marji,Bandey,Maryland,Nova-itch,15,6,10,19,10,6,184,43,76,137,103,135,60,543
916,Caspar,Gascar,Tennessee,Nova-itch,3,12,20,14,15,18,50,160,124,0,6,164,64,340
917,Reinaldos,Mantle,California,Nova-itch,3,7,20,14,18,20,106,152,165,38,51,121,62,512
918,Linn,Aleksandrikin,Illinois,Nova-itch,15,12,14,5,13,14,152,58,6,188,195,68,59,599
919,Viv,MacKill,Kentucky,Nova-itch,12,14,9,0,3,8,133,168,25,188,20,200,38,534
920,Roana,Bampkin,California,Nova-itch,12,11,16,17,15,6,54,27,119,23,21,108,71,244
921,Pamella,Cohani,Oklahoma,Nova-itch,9,0,15,15,13,4,39,50,165,3,55,62,52,312
922,Blanca,Timberlake,Arizona,Nova-itch,8,1,9,16,12,16,36,116,156,76,172,151,46,556
923,Lucita,Romeuf,District of Columbia,Nova-itch,1,13,12,11,5,5,26,41,30,152,197,157,42,446
924,Johnny,Wallbanks,Washington,Nova-itch,11,19,13,0,19,7,121,117,184,9,70,100,62,501
925,Keelby,Boldison,Arizona,Nova-itch,10,11,14,20,5,12,79,51,108,144,181,52,60,563
926,Elsa,Yousef,New York,Nova-itch,11,19,2,2,17,13,44,60,68,44,72,50,51,288
927,Colman,Haycox,Indiana,Nova-itch,15,17,2,13,5,9,125,84,10,134,45,143,52,398
928,Millard,Paydon,District of Columbia,Nova-itch,14,17,3,8,8,5,12,14,67,37,169,106,50,299
929,Berny,Mewrcik,Nebraska,Nova-itch,4,6,13,9,20,0,80,108,121,187,117,194,52,613
930,Isiahi,Prosch,New York,Nova-itch,1,20,16,19,9,7,26,160,20,100,99,101,65,405
931,Taffy,Arthur,Alabama,Nova-itch,14,1,6,16,13,20,60,121,178,168,153,159,50,680
932,Raviv,Haccleton,Iowa,Nova-itch,13,10,3,8,20,2,103,148,102,104,106,50,54,563
933,Lena,Edinburough,Florida,Nova-itch,0,6,10,1,18,7,108,134,72,56,195,179,35,565
934,Lily,Hinemoor,District of Columbia,Nova-itch,18,6,19,11,12,16,57,88,77,12,18,63,66,252
935,Elie,Stedson,Florida,Nova-itch,20,1,0,7,5,20,145,157,49,100,194,40,33,645
936,Alene,Minkin,Texas,Nova-itch,7,5,0,12,6,5,89,191,92,131,55,24,30,558
937,Janel,Scrigmour,North Carolina,Nova-itch,3,7,15,5,5,17,123,32,133,56,43,184,35,387
938,Albert,Veart,West Virginia,Nova-itch,12,17,2,13,14,19,53,59,93,43,186,70,58,434
939,Jerrold,Thewles,Georgia,Nova-itch,14,8,12,4,15,20,125,128,161,26,158,9,53,598
940,Isiahi,Ciciotti,Florida,Nova-itch,19,16,20,8,1,7,15,99,32,17,52,108,64,215
941,Brandice,Fri,California,Nova-itch,7,15,19,20,19,9,124,145,60,72,123,95,80,524
942,Dulcea,Wipfler,Ohio,Nova-itch,16,11,19,7,7,5,28,186,134,158,99,70,60,605
943,Mortie,Gapper,Ohio,Nova-itch,6,0,0,17,16,10,123,94,18,49,188,105,39,472
944,Ozzy,Luebbert,District of Columbia,Nova-itch,9,8,12,1,9,12,39,18,184,148,15,110,39,404
945,Aeriel,Ledner,California,Nova-itch,16,12,19,15,2,7,64,41,62,56,135,23,64,358
946,Beauregard,Gumly,Pennsylvania,Nova-itch,16,17,4,2,4,9,30,154,137,161,118,37,43,600
947,Esta,Plunket,Texas,Nova-itch,20,0,11,20,1,11,71,53,76,25,114,151,52,339
948,Sibelle,Dunmuir,Missouri,Nova-itch,1,20,10,10,19,10,175,193,52,167,104,70,60,691
949,Lesley,Matasov,North Carolina,Nova-itch,20,12,20,1,20,11,27,59,92,54,138,195,73,370
950,Sada,Buggs,Minnesota,Nova-itch,2,11,5,14,12,8,57,178,89,85,40,111,44,449
951,Chrissie,De Bernardi,Utah,Nova-itch,9,17,15,7,5,17,38,154,154,183,131,137,53,660
952,Anabal,Enriquez,Oklahoma,Nova-itch,13,11,16,15,4,15,6,41,158,85,187,21,59,477
953,Gertie,Fessions,Oregon,Nova-itch,4,20,16,11,17,0,8,125,14,75,8,131,68,230
954,Lishe,Teece,Arkansas,Nova-itch,13,17,3,15,0,13,77,184,18,104,81,5,48,464
955,Xerxes,Whybrow,Pennsylvania,Nova-itch,3,15,0,15,7,19,117,190,13,158,162,191,40,640
956,Nydia,Hefford,New York,Nova-itch,7,17,2,8,20,10,5,38,184,96,170,66,54,493
957,Kiah,Schirok,New York,Nova-itch,20,11,4,12,3,13,43,148,56,110,16,136,50,373
958,Laney,Westfield,Colorado,Nova-itch,17,7,14,13,5,4,112,39,22,160,10,140,56,343
959,Antoine,Madge,Arizona,Nova-itch,11,20,15,6,14,0,57,144,95,24,63,57,66,383
960,Randal,Collumbine,Florida,Nova-itch,10,2,11,3,14,0,43,188,26,43,145,175,40,445
961,Cece,Pettko,Massachusetts,Nova-itch,13,12,11,8,15,4,190,123,37,79,66,130,59,495
962,Wayland,Deabill,New York,Nova-itch,5,6,9,17,3,0,32,144,125,57,182,151,40,540
963,Karoly,Shanahan,Ohio,Nova-itch,14,5,17,5,2,8,179,142,117,120,50,38,43,608
964,Sancho,Aiken,Illinois,Nova-itch,12,1,2,12,7,18,45,6,86,12,152,124,34,301
965,Jeno,Swayland,Virginia,Nova-itch,17,0,18,6,20,4,67,12,54,54,92,64,61,279
966,Major,Lucks,Texas,Nova-itch,11,9,12,12,7,14,4,185,178,139,137,93,51,643
967,Prudence,Berkeley,Nevada,Nova-itch,20,5,8,6,20,4,75,47,106,17,146,32,59,391
968,Valle,Wavell,Wisconsin,Nova-itch,13,2,11,9,19,14,79,183,165,21,55,126,54,503
969,Nealson,Spoerl,California,Nova-itch,1,4,15,20,2,16,181,151,163,47,92,162,42,634
970,Karleen,Fardy,Virginia,Nova-itch,18,8,14,12,14,11,85,161,31,137,128,22,66,542
971,Mariette,Boncore,New York,Nova-itch,13,4,13,2,11,18,4,200,132,95,58,109,43,489
972,Lief,Van Velden,Florida,Nova-itch,6,0,20,4,9,8,70,183,122,166,41,61,39,582
973,Athene,Oiseau,Texas,Nova-itch,11,14,8,13,7,1,104,200,119,26,95,32,53,544
974,Irwinn,Roblin,Hawaii,Nova-itch,7,20,14,3,13,2,150,47,11,149,17,23,57,374
975,Ramsay,Fryett,New York,Nova-itch,10,4,19,16,20,7,63,112,173,50,70,101,69,468
976,Ron,Screech,Texas,Nova-itch,8,14,1,2,16,14,169,190,199,32,194,19,41,784
977,Sidonia,Sainthill,Indiana,Nova-itch,6,10,3,4,16,14,127,189,168,182,106,19,39,772
978,Cris,Cowe,Missouri,Nova-itch,20,19,18,10,10,0,12,145,196,165,17,125,77,535
979,Giovanna,Phripp,Alabama,Nova-itch,4,0,3,20,10,17,125,69,185,34,196,120,37,609
980,Martha,McLorinan,Alabama,Nova-itch,11,6,0,10,7,20,75,129,54,66,99,47,34,423
981,Gerome,Maddison,New York,Nova-itch,7,0,18,18,6,0,81,87,55,16,97,96,49,336
982,Lily,Jacobovitch,Florida,Nova-itch,5,14,3,3,11,9,158,142,167,129,82,24,36,678
983,Fanny,Indruch,Georgia,Nova-itch,2,19,12,1,16,14,96,129,103,14,157,160,50,499
984,Fayre,Lorens,Ohio,Nova-itch,14,3,1,7,10,6,13,92,61,128,68,37,35,362
985,Ellwood,Snead,West Virginia,Nova-itch,8,9,8,5,2,0,83,8,142,124,118,2,32,475
986,Dorie,Maun,Kentucky,Nova-itch,4,12,6,20,18,16,58,7,0,19,87,34,60,171
987,Wynnie,Merrett,Arizona,Nova-itch,2,13,15,20,18,4,196,144,112,132,4,135,68,588
988,Arlan,Mayell,Minnesota,Nova-itch,2,2,5,8,2,13,114,14,94,135,77,196,19,434
989,Val,Orht,Florida,Nova-itch,1,6,10,9,7,2,193,60,54,62,141,138,33,510
990,Quinn,Bannell,Colorado,Nova-itch,9,3,17,2,10,7,156,45,77,54,108,42,41,440
991,Dusty,Drew,New York,Nova-itch,0,3,15,12,1,3,41,189,56,23,56,129,31,365
992,Mirabel,Wornum,North Dakota,Nova-itch,8,14,10,2,2,16,2,164,97,191,51,102,36,505
993,Mina,Rable,Texas,Nova-itch,3,14,14,4,16,13,148,152,106,130,31,132,51,567
994,Filmer,Penhall,Florida,Nova-itch,15,2,2,11,4,7,95,152,23,192,37,26,34,499
995,Sollie,Heijnen,Nebraska,Nova-itch,5,0,0,14,18,8,154,139,11,153,67,115,37,524
996,Jemmie,Pauel,Montana,Nova-itch,14,18,15,0,11,13,12,28,70,51,77,182,58,238
997,Karlen,Maxwell,New York,Nova-itch,5,13,13,3,15,2,51,134,148,93,193,137,49,619
998,Yoko,Dilks,Oklahoma,Nova-itch,15,16,4,14,15,4,88,101,48,8,155,191,64,400
999,Ly,MacCarrane,New York,Nova-itch,3,2,16,3,4,16,16,45,139,24,1,131,28,225
1000,Clifford,Tersay,Illinois,Nova-itch,8,0,17,8,20,19,191,131,69,9,120,64,53,520
